accession,company,original,anonymized,masked_company,masked_ticker,masked_date,masked_person,masked_product,masked_organization,masked_name,masked_year,leak_company_name,leak_ticker,leak_year
0000006201-20-000023,AMR CORP; American Airlines Group Inc.,"As previously announced in January 2020, we reached a confidential agreement with Boeing on compensation related to financial damages incurred in 2019 due to the grounding of the Boeing 737 MAX aircraft. The settlement did not have a material impact on 2019 earnings because we are accounting for substantially all of the compensation as a reduction in cost basis of grounded Boeing 737 MAX aircraft and certain future Boeing 737 MAX aircraft deliveries. Our future aircraft purchase commitments in Note 12 to AAG’s Consolidated Financial Statements in Part II, Item 8A reflect the portion of the compensation we expect to receive in the future as Boeing 737 MAX aircraft are delivered. These amounts reflect our best estimate in light of the uncertainty surrounding the timing of future Boeing 737 MAX aircraft deliveries.

We are pleased with the settlement agreement we reached for 2019, which was intended to address our financial damages incurred in 2019 due to the grounding of the Boeing 737 MAX aircraft. However, the aircraft remain grounded and therefore we continue to incur financial damages in 2020. We expect discussions to continue with Boeing for further compensation for these damages.

We remain committed to actively managing our cost structure, which we believe is necessary in an industry whose economic prospects are heavily dependent upon two variables we cannot control: the health of the economy and the price of fuel.

We sometimes use financial measures that are derived from the consolidated financial statements but that are not presented in accordance with GAAP to understand and evaluate our current operating performance and to allow for period-to-period comparisons. We believe these non-GAAP financial measures may also provide useful information to investors and others. These non-GAAP measures may not be comparable to similarly titled non-GAAP measures of other companies, and should be considered in addition to, and not as a substitute for or superior to, any measure of performance,

Fleet restructuring expenses principally included accelerated depreciation and rent expense for aircraft and related equipment grounded or expected to be grounded earlier than planned.

The decrease in non-service related pension and other postretirement benefit plan income in 2019 as compared to 2018 is principally due to a decrease in the expected return on pension plan assets.

In 2019, we recorded an income tax provision of $570 million at an effective rate of approximately 25%, which was substantially non-cash due to utilization of our net operating losses (NOLs). Substantially all of our income before income taxes is attributable to the United States. At December","As previously announced in January [YEAR], we reached a confidential agreement with [ORGANIZATION] on compensation related to financial damages incurred in [YEAR] due to the grounding of the [ORGANIZATION] 737 MAX aircraft. The settlement did not have a material impact on [YEAR] earnings because we are accounting for substantially all of the compensation as a reduction in cost basis of grounded [ORGANIZATION] 737 MAX aircraft and certain future [ORGANIZATION] 737 MAX aircraft deliveries. Our future aircraft purchase commitments in Note 12 to [ORGANIZATION]’s Consolidated Financial Statements in Part II, Item 8A reflect the portion of the compensation we expect to receive in the future as [ORGANIZATION] 737 MAX aircraft are delivered. These amounts reflect our best estimate in light of the uncertainty surrounding the timing of future [ORGANIZATION] 737 MAX aircraft deliveries.

We are pleased with the settlement agreement we reached for [YEAR], which was intended to address our financial damages incurred in [YEAR] due to the grounding of the [ORGANIZATION] 737 MAX aircraft. However, the aircraft remain grounded and therefore we continue to incur financial damages in [YEAR]. We expect discussions to continue with [ORGANIZATION] for further compensation for these damages.

We remain committed to actively managing our cost structure, which we believe is necessary in an industry whose economic prospects are heavily dependent upon two variables we cannot control: the health of the economy and the price of fuel.

We sometimes use financial measures that are derived from the consolidated financial statements but that are not presented in accordance with GAAP to understand and evaluate our current operating performance and to allow for period-to-period comparisons. We believe these non-GAAP financial measures may also provide useful information to investors and others. These non-GAAP measures may not be comparable to similarly titled non-GAAP measures of other companies, and should be considered in addition to, and not as a substitute for or superior to, any measure of performance,

Fleet restructuring expenses principally included accelerated depreciation and rent expense for aircraft and related equipment grounded or expected to be grounded earlier than planned.

The decrease in non-service related pension and other postretirement benefit plan income in [YEAR] as compared to [YEAR] is principally due to a decrease in the expected return on pension plan assets.

In [YEAR], we recorded an income tax provision of $570 million at an effective rate of approximately 25%, which was substantially non-cash due to utilization of our net operating losses ([NAME]). Substantially all of our income before income taxes is attributable to the United States. At December",0,0,0,0,0,9,1,9,0,0,0
0000037785-23-000019,FMC CORP,"In some cases, FMC has identified forward-looking statements by such words or phrases as ""will likely result,"" ""is confident that,"" ""expect,"" ""expects,"" ""should,"" ""could,"" ""may,"" ""will continue to,"" ""believe,"" ""believes,"" ""anticipates,"" ""predicts,"" ""forecasts,"" ""estimates,"" ""projects,"" ""potential,"" ""intends"" or similar expressions identifying ""forward-looking statements"" within the meaning of the Private Securities Litigation Reform Act of 1995, including the negative of those words and phrases. Such forward-looking statements are based on management’s current views and assumptions regarding future events, future business conditions and the outlook for the company based on currently available information. These statements involve known and unknown risks, uncertainties and other factors that may cause actual results to be materially different from any results, levels of activity, performance or achievements expressed or implied by any forward-looking statement. With respect to forward-looking statements made in connection with our acquisition of BioPhero ApS, such factors include that (1) BioPhero is

Current global inflationary pressures have affected our business, primarily due to higher than normal input costs, primarily raw materials, resulting in pressure on our operating margins. Costs impacted by inflation include labor and overhead costs, costs of certain raw materials, freight and logistics costs, tolling services, and equipment costs. We have partially mitigated inflation headwinds through pricing actions, cost saving initiatives, and alternate sourcing options. Costs overall are anticipated to remain a headwind throughout 2023; however, we are seeing deceleration of input cost inflation. We believe input costs could become a tailwind in the second half of 2023.

On June 29, 2022, we announced a definitive agreement to acquire BioPhero ApS (""BioPhero""), a Denmark-based pheromone research and production company. The acquisition adds state-of-the-art biologically produced pheromone insect control technology to our product portfolio and R&D pipeline, underscoring our role as a leader in delivering innovative and sustainable crop protection solutions. We expect pheromones and pheromone-based products to contribute approximately $1 billion in revenue at above company-average EBITDA margin by 2030. The purchase price of approximately $193 million was primarily paid at closing on July 19, 2022. See Note 5 for additional information.

We expect 2023 revenue will be in","In some cases, [COMPANY] has identified forward-looking statements by such words or phrases as ""will likely result,"" ""is confident that,"" ""expect,"" ""expects,"" ""should,"" ""could,"" ""may,"" ""will continue to,"" ""believe,"" ""believes,"" ""anticipates,"" ""predicts,"" ""forecasts,"" ""estimates,"" ""projects,"" ""potential,"" ""intends"" or similar expressions identifying ""forward-looking statements"" within the meaning of the Private Securities Litigation Reform Act of [YEAR], including the negative of those words and phrases. Such forward-looking statements are based on management’s current views and assumptions regarding future events, future business conditions and the outlook for the company based on currently available information. These statements involve known and unknown risks, uncertainties and other factors that may cause actual results to be materially different from any results, levels of activity, performance or achievements expressed or implied by any forward-looking statement. With respect to forward-looking statements made in connection with our acquisition of [ORGANIZATION], such factors include that (1) [ORGANIZATION] is

Current global inflationary pressures have affected our business, primarily due to higher than normal input costs, primarily raw materials, resulting in pressure on our operating margins. Costs impacted by inflation include labor and overhead costs, costs of certain raw materials, freight and logistics costs, tolling services, and equipment costs. We have partially mitigated inflation headwinds through pricing actions, cost saving initiatives, and alternate sourcing options. Costs overall are anticipated to remain a headwind throughout [YEAR]; however, we are seeing deceleration of input cost inflation. We believe input costs could become a tailwind in the second half of [YEAR].

On [DATE], we announced a definitive agreement to acquire [ORGANIZATION] (""[ORGANIZATION]""), a [NAME] pheromone research and production company. The acquisition adds state-of-the-art biologically produced pheromone insect control technology to our product portfolio and R&D pipeline, underscoring our role as a leader in delivering innovative and sustainable crop protection solutions. We expect pheromones and pheromone-based products to contribute approximately $1 billion in revenue at above company-average EBITDA margin by [YEAR]. The purchase price of approximately $193 million was primarily paid at closing on [DATE]. See Note 5 for additional information.

We expect [YEAR] revenue will be in",1,0,2,0,0,4,1,5,0,0,0
0000051253-19-000004,INTERNATIONAL FLAVORS & FRAGRANCES INC,"On October 4, 2018, we completed the acquisition of Frutarom Industries Ltd. (“Frutarom”). We acquired 100% of the equity of Frutarom pursuant to a definitive agreement and plan of merger entered into on May 7, 2018. Frutarom is an Israeli company that, through its subsidiaries, develops, produces and markets tastes, flavors and fine ingredients used in manufacturing food, beverages, flavors and fragrances, pharma/nutraceuticals, cosmetics and personal care products, primarily focused on natural products. The acquisition was made in order to strengthen and broaden our customer base, capabilities and geographic reach, and is expected to result in exposure to more end markets, including those with a focus on naturals and health and wellness.

The 2018 combined sales of IFF and Frutarom, which combines the full year 2018 sales of both Frutarom and IFF, was approximately $5.1 billion which, management believes, makes us the second largest company in the taste, scent and nutrition industry. We expect that our combined cultures of innovation and partnership will allow us to further capitalize on this expansion to continue to offer our customers innovative and differentiated products. Based on our 2018 combined sales, approximately 35% of our customers are global consumer products companies while approximately 65% of our customers are small and mid-sized companies.

requirements to integrate our recently acquired Frutarom business, we expect that capital spending in 2019 will be about 5-6% of sales (net of potential grants and other reimbursements from government authorities).

We believe that market conditions and the macro-economic environment will continue to be volatile in many markets in 2019 but that overall, there will be slight improvements as compared to recent years. Pressures from increasing costs and the impact of supply chain disruptions related to key ingredients used in the flavors and fragrance industry may reduce our currency neutral operating profit growth in 2019.

During 2018, the raw material cost environment continued its recent upward trend. We believe that, for the next several quarters, we will continue to see higher costs of raw materials across a range of categories. Raw material costs continue to be impacted by supply chain disruptions, mainly impacting our Scent business unit. We continue to seek improvements in our margins through operational performance, cost reduction efforts and mix enhancement as well as integration savings with Frutarom.

On a long-term basis, we expect that sales growth for the","On [DATE], we completed the acquisition of [PERSON] Industries [NAME]. (“[PERSON]”). We acquired 100% of the equity of [PERSON] pursuant to a definitive agreement and plan of merger entered into on [DATE]. [PERSON] is an Israeli company that, through its subsidiaries, develops, produces and markets tastes, flavors and fine ingredients used in manufacturing food, beverages, flavors and fragrances, pharma/nutraceuticals, cosmetics and personal care products, primarily focused on natural products. The acquisition was made in order to strengthen and broaden our customer base, capabilities and geographic reach, and is expected to result in exposure to more end markets, including those with a focus on naturals and health and wellness.

The [YEAR] combined sales of [TICKER] and [PERSON], which combines the full year [YEAR] sales of both [PERSON] and [TICKER], was approximately $5.1 billion which, management believes, makes us the second largest company in the taste, scent and nutrition industry. We expect that our combined cultures of innovation and partnership will allow us to further capitalize on this expansion to continue to offer our customers innovative and differentiated products. Based on our [YEAR] combined sales, approximately 35% of our customers are global consumer products companies while approximately 65% of our customers are small and mid-sized companies.

requirements to integrate our recently acquired [PERSON] business, we expect that capital spending in [YEAR] will be about 5-6% of sales (net of potential grants and other reimbursements from government authorities).

We believe that market conditions and the macro-economic environment will continue to be volatile in many markets in [YEAR] but that overall, there will be slight improvements as compared to recent years. Pressures from increasing costs and the impact of supply chain disruptions related to key ingredients used in the flavors and fragrance industry may reduce our currency neutral operating profit growth in [YEAR].

During [YEAR], the raw material cost environment continued its recent upward trend. We believe that, for the next several quarters, we will continue to see higher costs of raw materials across a range of categories. Raw material costs continue to be impacted by supply chain disruptions, mainly impacting our Scent business unit. We continue to seek improvements in our margins through operational performance, cost reduction efforts and mix enhancement as well as integration savings with [PERSON].

On a long-term basis, we expect that sales growth for the",0,2,2,8,0,0,1,7,0,0,0
0000058492-20-000002,LEGGETT & PLATT INC,"In January, we expanded the size of our revolving credit facility from $800 million to $1.2 billion, increased permitted borrowings, subject to covenant restrictions, under our commercial paper program in a corresponding amount, and added additional borrowing capacity in the form of a 5-year $500 million term loan primarily to finance the ECS transaction. After completing the ECS acquisition in January 2019, our debt levels increased. We focused on deleveraging in 2019 by limiting share repurchases, controlling the pace of further acquisition spending, and using operating cash flow to repay debt. We expect to further reduce debt levels in 2020. Our financial base remains strong.

We monitor our TSR performance relative to the S&P 500 on a rolling three-year basis. We believe our disciplined growth strategy, portfolio management, and prudent use of capital will support achievement of our goal over time.

In connection with the acquisition of ECS, our debt levels increased. We are currently focused on deleveraging and are temporarily limiting share repurchases, controlling the pace of acquisition spending and using operating cash flow to repay debt. The ECS transaction did not change our long-term TSR targets and framework. In the near-term, revenue growth will benefit significantly from the initial impact of the acquisition. At the same time, increased interest expense from the transaction negatively impacted TSR in 2019. As we pay down the acquisition debt, the corresponding reduction in interest expense should have a positive impact on TSR. The stock buyback component is expected to be slightly negative to TSR due to the temporary limiting of share repurchases while we focus on deleveraging. Longer-term, the ECS acquisition is expected to benefit all four TSR sources through profitable growth and strong operating cash flow.

In 2019, we generated $668 million in cash from operations, a $228 million increase over 2018. Our operations provided more than enough cash to fund both capital expenditures and dividend payments, something we have accomplished each year for over 30 years. We expect this to again be the case in 2020.

After completing the ECS transaction our debt levels increased. We focused on deleveraging in 2019 by limiting share repurchases, controlling the pace of further acquisition spending, and using operating cash flow to repay debt. We expect to further reduce debt levels in 2020.

We closely monitor our working capital levels and we ended 2019 with working capital at 13.3% and adjusted working capital at","In January, we expanded the size of our revolving credit facility from $800 million to $1.2 billion, increased permitted borrowings, subject to covenant restrictions, under our commercial paper program in a corresponding amount, and added additional borrowing capacity in the form of a 5-year $500 million term loan primarily to finance the [ORGANIZATION] transaction. After completing the [ORGANIZATION] acquisition in January [YEAR], our debt levels increased. We focused on deleveraging in [YEAR] by limiting share repurchases, controlling the pace of further acquisition spending, and using operating cash flow to repay debt. We expect to further reduce debt levels in [YEAR]. Our financial base remains strong.

We monitor our [ORGANIZATION] performance relative to the S&P 500 on a rolling three-year basis. We believe our disciplined growth strategy, portfolio management, and prudent use of capital will support achievement of our goal over time.

In connection with the acquisition of [ORGANIZATION], our debt levels increased. We are currently focused on deleveraging and are temporarily limiting share repurchases, controlling the pace of acquisition spending and using operating cash flow to repay debt. The [ORGANIZATION] transaction did not change our long-term [ORGANIZATION] targets and framework. In the near-term, revenue growth will benefit significantly from the initial impact of the acquisition. At the same time, increased interest expense from the transaction negatively impacted [ORGANIZATION] in [YEAR]. As we pay down the acquisition debt, the corresponding reduction in interest expense should have a positive impact on [ORGANIZATION]. The stock buyback component is expected to be slightly negative to [ORGANIZATION] due to the temporary limiting of share repurchases while we focus on deleveraging. Longer-term, the [ORGANIZATION] acquisition is expected to benefit all four [ORGANIZATION] sources through profitable growth and strong operating cash flow.

In [YEAR], we generated $668 million in cash from operations, a $228 million increase over [YEAR]. Our operations provided more than enough cash to fund both capital expenditures and dividend payments, something we have accomplished each year for over 30 years. We expect this to again be the case in [YEAR].

After completing the [ORGANIZATION] transaction our debt levels increased. We focused on deleveraging in [YEAR] by limiting share repurchases, controlling the pace of further acquisition spending, and using operating cash flow to repay debt. We expect to further reduce debt levels in [YEAR].

We closely monitor our working capital levels and we ended [YEAR] with working capital at 13.3% and adjusted working capital at",0,0,0,0,0,12,0,10,0,0,0
0000059558-23-000009,LINCOLN NATIONAL CORP,"Certain statements made in this report and in other written or oral statements made by us or on our behalf are “forward-looking statements” within the meaning of the Private Securities Litigation Reform Act of 1995 (“PSLRA”). A forward-looking statement is a statement that is not a historical fact and, without limitation, includes any statement that may predict, forecast, indicate or imply future results, performance or achievements. Forward-looking statements may contain words like: “anticipate,” “believe,” “estimate,” “expect,” “project,” “shall,” “will” and other words or phrases with similar meaning in connection with a discussion of future operating or financial performance. In particular, these include statements relating to future actions, trends in our businesses, prospective services or products, future performance or financial results and the outcome of contingencies, such as legal proceedings. We claim the protection afforded by the safe harbor for forward-looking statements provided by the PSLRA.

Increasing scrutiny and evolving expectations and regulations regarding environmental, social and governance (“ESG”) matters that may adversely affect our reputation and our investment portfolio;

The inability to realize or sustain the benefits we expect from, greater than expected investments in, and the potential impact of efforts related to, our strategic initiatives, including the Spark Initiative;

In this report, in addition to providing consolidated revenues and net income (loss), we also provide segment operating revenues and income (loss) from operations because we believe they are meaningful measures of revenues and the profitability of our operating segments. Operating revenues and income (loss) from operations are the financial performance measures we use to evaluate and assess the results of our segments. Accordingly, we define and report operating revenues and income (loss) from operations by segment in Note 21. Our management believes that operating revenues and income (loss) from operations explain the results of our ongoing businesses in a manner that allows for a better understanding of the underlying trends in our current businesses. Certain items are excluded from operating revenue and income (loss) from operations because they are unpredictable and not necessarily indicative of current operating fundamentals or future performance of the business segments, and, in many instances, decisions regarding these items do not necessarily relate to the operations of the individual segments. In addition, we believe that our definitions of operating revenues and income (loss) from operations will provide investors with a more valuable measure of our performance because it better reveals trends in our businesses.

In the fourth quarter, we paused shares","Certain statements made in this report and in other written or oral statements made by us or on our behalf are “forward-looking statements” within the meaning of the Private Securities Litigation Reform Act of [YEAR] (“PSLRA”). A forward-looking statement is a statement that is not a historical fact and, without limitation, includes any statement that may predict, forecast, indicate or imply future results, performance or achievements. Forward-looking statements may contain words like: “anticipate,” “believe,” “estimate,” “expect,” “project,” “shall,” “will” and other words or phrases with similar meaning in connection with a discussion of future operating or financial performance. In particular, these include statements relating to future actions, trends in our businesses, prospective services or products, future performance or financial results and the outcome of contingencies, such as legal proceedings. We claim the protection afforded by the safe harbor for forward-looking statements provided by the PSLRA.

Increasing scrutiny and evolving expectations and regulations regarding environmental, social and governance (“ESG”) matters that may adversely affect our reputation and our investment portfolio;

The inability to realize or sustain the benefits we expect from, greater than expected investments in, and the potential impact of efforts related to, our strategic initiatives, including the Spark Initiative;

In this report, in addition to providing consolidated revenues and net income (loss), we also provide segment operating revenues and income (loss) from operations because we believe they are meaningful measures of revenues and the profitability of our operating segments. Operating revenues and income (loss) from operations are the financial performance measures we use to evaluate and assess the results of our segments. Accordingly, we define and report operating revenues and income (loss) from operations by segment in Note 21. Our management believes that operating revenues and income (loss) from operations explain the results of our ongoing businesses in a manner that allows for a better understanding of the underlying trends in our current businesses. Certain items are excluded from operating revenue and income (loss) from operations because they are unpredictable and not necessarily indicative of current operating fundamentals or future performance of the business segments, and, in many instances, decisions regarding these items do not necessarily relate to the operations of the individual segments. In addition, we believe that our definitions of operating revenues and income (loss) from operations will provide investors with a more valuable measure of our performance because it better reveals trends in our businesses.

In the fourth quarter, we paused shares",0,0,0,0,0,0,0,1,0,0,0
0000091576-20-000007,KEYCORP /NEW/,"Full year expenses were down 1.9% from the prior year, as we completed our $200 million cost reduction program and drove further savings through our continuous improvement efforts. Overall, we have generated positive operating leverage over the past three years as our cash efficiency ratio has declined 390 basis points. We expect to make continued progress on our cash efficiency ratio during 2020 as we focus on expenses and strategically invest back into our business.

Grow profitably — We intend to continue to focus on generating positive operating leverage by growing revenue and creating a more efficient operating environment. We expect our relationship business model to keep generating organic growth as it helps us expand engagement with existing clients and attract new customers. We plan to leverage our continuous improvement culture to maintain an efficient cost structure that is aligned, sustainable, and consistent with the current operating environment and that supports our relationship business model.

We acquired Laurel Road in April of 2019, which originated $1.8 billion of consumer direct loans during the year, well above our original expectations. These high quality loans provide us with an opportunity to build a broader digital relationship with our clients. Our residential mortgage business is another area where we are seeing strong returns on our investments. Residential mortgage loan originations for 2019 were $4.3 billion, up over 120% from 2018, with $1.5 billion originated in the fourth quarter of 2019. These two investments highlight our commitment to acquire and expand targeted client relationships.

As disclosed in Item 1A. Risk Factors of this report, LIBOR in its current form is not expected to be available after 2021. The most likely replacement rate is expected to be SOFR, which has been recommended by the ARRC. The Federal Reserve has encouraged financial institutions not to wait for the end of 2021 to make the transition away from LIBOR. We have established an enterprise wide program to identify and address all LIBOR transition issues. The goals of the LIBOR transition program are to:

We are also collaborating closely with regulators and industry groups on the transition. We also expect to leverage recommendations made by the ARRC and ISDA that are tailored to our specific client segments.

TE net interest income for 2019 was $3.9 billion, and the net interest margin was 3.04%, compared to TE net interest income of $3.9 billion and a net interest margin of 3.17% for the prior year. Net interest income for","Full year expenses were down 1.9% from the prior year, as we completed our $200 million cost reduction program and drove further savings through our continuous improvement efforts. Overall, we have generated positive operating leverage over the past three years as our cash efficiency ratio has declined 390 basis points. We expect to make continued progress on our cash efficiency ratio during [YEAR] as we focus on expenses and strategically invest back into our business.

Grow profitably — We intend to continue to focus on generating positive operating leverage by growing revenue and creating a more efficient operating environment. We expect our relationship business model to keep generating organic growth as it helps us expand engagement with existing clients and attract new customers. We plan to leverage our continuous improvement culture to maintain an efficient cost structure that is aligned, sustainable, and consistent with the current operating environment and that supports our relationship business model.

We acquired Laurel Road in April of [YEAR], which originated $1.8 billion of consumer direct loans during the year, well above our original expectations. These high quality loans provide us with an opportunity to build a broader digital relationship with our clients. Our residential mortgage business is another area where we are seeing strong returns on our investments. Residential mortgage loan originations for [YEAR] were $4.3 billion, up over 120% from [YEAR], with $1.5 billion originated in the fourth quarter of [YEAR]. These two investments highlight our commitment to acquire and expand targeted client relationships.

As disclosed in Item 1A. Risk Factors of this report, LIBOR in its current form is not expected to be available after [YEAR]. The most likely replacement rate is expected to be SOFR, which has been recommended by the ARRC. The Federal Reserve has encouraged financial institutions not to wait for the end of [YEAR] to make the transition away from LIBOR. We have established an enterprise wide program to identify and address all LIBOR transition issues. The goals of the LIBOR transition program are to:

We are also collaborating closely with regulators and industry groups on the transition. We also expect to leverage recommendations made by the ARRC and [ORGANIZATION] that are tailored to our specific client segments.

[ORGANIZATION] net interest income for [YEAR] was $3.9 billion, and the net interest margin was 3.04%, compared to [ORGANIZATION] net interest income of $3.9 billion and a net interest margin of 3.17% for the prior year. Net interest income for",0,0,0,0,0,3,0,8,0,0,0
0000200406-21-000008,JOHNSON & JOHNSON,"Restructuring: In the fiscal second quarter of 2018, the Company announced plans to implement actions across its global supply chain that are intended to enable the Company to focus resources and increase investments in critical capabilities, technologies and solutions necessary to manufacture and supply its product portfolio of the future, enhance agility and drive growth. The Company expects these supply chain actions will include expanding its use of strategic collaborations, and bolstering its initiatives to reduce complexity, improving cost-competitiveness, enhancing capabilities and optimizing its network. Discussions regarding specific future actions are ongoing and are subject to all relevant consultation requirements before they are finalized. In total, the Company expects these actions to generate approximately $0.6 to $0.8 billion in annual pre-tax cost savings that will be substantially delivered by 2022. The Company expects to record pre-tax restructuring charges of approximately $1.9 to $2.3 billion. The Company estimates that approximately 70% of the cumulative pre-tax costs will result in cash outlays. In 2020, the Company recorded a pre-tax charge of $0.4 billion, which is included on the following lines of the Consolidated Statement of Earnings, $0.2 billion in restructuring, $0.1 billion in other (income) expense and $0.1 billion in cost of products sold. Total project costs of approximately $1.3 billion have been recorded since the restructuring was announced.

As of January 3, 2021, the Company's notes payable and long-term debt was in excess of cash, cash equivalents and marketable securities. As of January 3, 2021, the net debt position was $10.1 billion as compared to the prior year of $8.4 billion. There was an increase in the net debt position due to increased borrowings in the fiscal third quarter of 2020. The debt balance at the end of 2020 was $35.3 billion as compared to $27.7 billion in 2019. Considering recent market conditions and the on-going COVID-19 crisis, the Company has evaluated its operating cash flows and liquidity profile and does not foresee any significant incremental risk. The Company anticipates that operating cash flows, the ability to raise funds from external sources, borrowing capacity from existing committed credit facilities and access to the commercial paper markets will continue to provide sufficient resources to fund operating needs, including the talc litigation and agreement in principle to settle opioid litigation of which the majority may","Restructuring: In the fiscal second quarter of [YEAR], the Company announced plans to implement actions across its global supply chain that are intended to enable the Company to focus resources and increase investments in critical capabilities, technologies and solutions necessary to manufacture and supply its product portfolio of the future, enhance agility and drive growth. The Company expects these supply chain actions will include expanding its use of strategic collaborations, and bolstering its initiatives to reduce complexity, improving cost-competitiveness, enhancing capabilities and optimizing its network. Discussions regarding specific future actions are ongoing and are subject to all relevant consultation requirements before they are finalized. In total, the Company expects these actions to generate approximately $0.6 to $0.8 billion in annual pre-tax cost savings that will be substantially delivered by [YEAR]. The Company expects to record pre-tax restructuring charges of approximately $1.9 to $2.3 billion. The Company estimates that approximately 70% of the cumulative pre-tax costs will result in cash outlays. In [YEAR], the Company recorded a pre-tax charge of $0.4 billion, which is included on the following lines of the Consolidated Statement of Earnings, $0.2 billion in restructuring, $0.1 billion in other (income) expense and $0.1 billion in cost of products sold. Total project costs of approximately $1.3 billion have been recorded since the restructuring was announced.

As of [DATE], the Company's notes payable and long-term debt was in excess of cash, cash equivalents and marketable securities. As of [DATE], the net debt position was $10.1 billion as compared to the prior year of $8.4 billion. There was an increase in the net debt position due to increased borrowings in the fiscal third quarter of [YEAR]. The debt balance at the end of [YEAR] was $35.3 billion as compared to $27.7 billion in [YEAR]. Considering recent market conditions and the on-going COVID-19 crisis, the Company has evaluated its operating cash flows and liquidity profile and does not foresee any significant incremental risk. The Company anticipates that operating cash flows, the ability to raise funds from external sources, borrowing capacity from existing committed credit facilities and access to the commercial paper markets will continue to provide sufficient resources to fund operating needs, including the talc litigation and agreement in principle to settle opioid litigation of which the majority may",0,0,2,0,0,0,0,6,0,0,0
0000726728-25-000055,REALTY INCOME CORP,"The monthly dividend of $0.2680 per share represents a current annualized dividend of $3.216 per share, and an annualized dividend yield of 6.0% based on the last reported sale price of our common stock on the NYSE of $53.41 on December 31, 2024. Although we expect to continue our policy of paying monthly dividends, we cannot guarantee that we will maintain our current level of dividends, that we will continue our pattern of increasing dividends per share, or what our actual dividend yield will be in any future period.

Leases generally provide for limited increases in rent as a result of fixed increases, increases in the consumer price index, retail price index in the case of certain leases in the U.K. (typically subject to ceilings), or increases in clients’ sales volumes. We expect that inflation will cause these lease provisions to result in rent increases over time. During times when inflation is greater than increases in rent, as provided for in the leases, rent increases may not keep up with the rate of inflation and other costs.

Moreover, our strategic focus on the use of net lease agreements reduces our exposure to rising property expenses due to inflation because the client is responsible for property expenses. Even though the utilization of net leases reduces our exposure to rising property expenses due to inflation, substantial inflationary pressures and increased costs may have an adverse impact on our clients if increases in their operating expenses exceed increases in revenue, which may adversely affect our clients' ability to pay rent. Additionally, inflationary periods may cause us to experience increased costs of financing, make it difficult to refinance debt at attractive rates or at all, and may adversely affect the properties we can acquire if the cost of financing an acquisition is in excess of our anticipated earnings from such property, thereby limiting the properties that can be acquired.

Our primary cash obligations, for the current year and subsequent years, are included in the “Material Cash Requirements” table, which is presented later in this section. We expect to fund our operating expenses and other short-term liquidity requirements, including property acquisitions and development costs, payment of principal and interest on our outstanding indebtedness, property improvements, re-leasing costs, and cash distributions to common stockholders, primarily through a combination of the following:

We believe that our cash and cash equivalents on hand, cash provided from operating activities, and borrowing capacity are sufficient to meet our liquidity needs for the next twelve months. We intend, however, to use permanent or","The monthly dividend of $0.2680 per share represents a current annualized dividend of $3.216 per share, and an annualized dividend yield of 6.0% based on the last reported sale price of our common stock on the NYSE of $53.41 on [DATE]. Although we expect to continue our policy of paying monthly dividends, we cannot guarantee that we will maintain our current level of dividends, that we will continue our pattern of increasing dividends per share, or what our actual dividend yield will be in any future period.

Leases generally provide for limited increases in rent as a result of fixed increases, increases in the consumer price index, retail price index in the case of certain leases in the U.K. (typically subject to ceilings), or increases in clients’ sales volumes. We expect that inflation will cause these lease provisions to result in rent increases over time. During times when inflation is greater than increases in rent, as provided for in the leases, rent increases may not keep up with the rate of inflation and other costs.

Moreover, our strategic focus on the use of net lease agreements reduces our exposure to rising property expenses due to inflation because the client is responsible for property expenses. Even though the utilization of net leases reduces our exposure to rising property expenses due to inflation, substantial inflationary pressures and increased costs may have an adverse impact on our clients if increases in their operating expenses exceed increases in revenue, which may adversely affect our clients' ability to pay rent. Additionally, inflationary periods may cause us to experience increased costs of financing, make it difficult to refinance debt at attractive rates or at all, and may adversely affect the properties we can acquire if the cost of financing an acquisition is in excess of our anticipated earnings from such property, thereby limiting the properties that can be acquired.

Our primary cash obligations, for the current year and subsequent years, are included in the “Material Cash Requirements” table, which is presented later in this section. We expect to fund our operating expenses and other short-term liquidity requirements, including property acquisitions and development costs, payment of principal and interest on our outstanding indebtedness, property improvements, re-leasing costs, and cash distributions to common stockholders, primarily through a combination of the following:

We believe that our cash and cash equivalents on hand, cash provided from operating activities, and borrowing capacity are sufficient to meet our liquidity needs for the next twelve months. We intend, however, to use permanent or",0,0,1,0,0,0,0,0,0,0,0
0000745732-21-000017,"ROSS STORES INC; ROSS STORES, INC.","Our primary objective is to pursue and refine our existing off-price strategies to maintain and improve both profitability and financial returns over the long term. In establishing appropriate growth targets for our business, and considering the pace and magnitude of the economic recovery post the COVID-19 pandemic, we are closely monitoring market share trends for the off-price industry and believe our share gains will continue to be driven mainly by continued focus on value and convenience by consumers. Our merchandise and operational strategies are designed to take advantage of the expanding market share of the off-price industry as well as the ongoing customer demand for name brand fashions for the family and home at compelling discounts every day.

The COVID-19 pandemic and the related economic disruption had a material adverse impact on our results of operations, financial position, and cash flows for fiscal 2020. The consolidated results presented in this report reflect the significant revenue decline and other impacts from our temporary store closures (for approximately half of the first quarter and 25 percent of the second quarter), mandated occupancy restrictions, and reduced operating hours. Our core business results improved during the second half of fiscal 2020; however, upsurges of COVID-19 in the fourth quarter, especially in California, our largest state, resulted in reduced customer traffic and slowed the pace of recovery. While vaccines have become available and a steadily increasing portion of the U.S. population is being vaccinated, it will take time for those efforts to reach levels that permit a relaxation of the social distancing restrictions. We expect the material adverse effects from the pandemic to continue through fiscal 2021 and potentially beyond.

The ongoing effect of the COVID-19 pandemic on consumer behavior and spending patterns remains highly uncertain. Despite the initial surge in customer demand as our stores first reopened, we expect customer demand to be generally suppressed for an extended period of time. In addition, there have been recent resurgences in the spread of COVID-19 and new virus variants throughout the United States, which may also recur in the future, in one or more regions, and which have and could require our stores and distribution centers to temporarily close again nationally, regionally, or in specific locations. These closures would negatively impact our future revenue and operations.

In response to the COVID-19 pandemic, we incurred various costs to reopen our stores and distribution centers, and we incurred additional operating costs for processes and procedures to facilitate social distancing, to enhance cleaning and sanitation activities, and to provide personal protective equipment to our associates. These actions, combined with various","Our primary objective is to pursue and refine our existing off-price strategies to maintain and improve both profitability and financial returns over the long term. In establishing appropriate growth targets for our business, and considering the pace and magnitude of the economic recovery post the COVID-19 pandemic, we are closely monitoring market share trends for the off-price industry and believe our share gains will continue to be driven mainly by continued focus on value and convenience by consumers. Our merchandise and operational strategies are designed to take advantage of the expanding market share of the off-price industry as well as the ongoing customer demand for name brand fashions for the family and home at compelling discounts every day.

The COVID-19 pandemic and the related economic disruption had a material adverse impact on our results of operations, financial position, and cash flows for fiscal [YEAR]. The consolidated results presented in this report reflect the significant revenue decline and other impacts from our temporary store closures (for approximately half of the first quarter and 25 percent of the second quarter), mandated occupancy restrictions, and reduced operating hours. Our core business results improved during the second half of fiscal [YEAR]; however, upsurges of COVID-19 in the fourth quarter, especially in California, our largest state, resulted in reduced customer traffic and slowed the pace of recovery. While vaccines have become available and a steadily increasing portion of the U.S. population is being vaccinated, it will take time for those efforts to reach levels that permit a relaxation of the social distancing restrictions. We expect the material adverse effects from the pandemic to continue through fiscal [YEAR] and potentially beyond.

The ongoing effect of the COVID-19 pandemic on consumer behavior and spending patterns remains highly uncertain. Despite the initial surge in customer demand as our stores first reopened, we expect customer demand to be generally suppressed for an extended period of time. In addition, there have been recent resurgences in the spread of COVID-19 and new virus variants throughout the United States, which may also recur in the future, in one or more regions, and which have and could require our stores and distribution centers to temporarily close again nationally, regionally, or in specific locations. These closures would negatively impact our future revenue and operations.

In response to the COVID-19 pandemic, we incurred various costs to reopen our stores and distribution centers, and we incurred additional operating costs for processes and procedures to facilitate social distancing, to enhance cleaning and sanitation activities, and to provide personal protective equipment to our associates. These actions, combined with various",0,0,0,0,0,0,0,3,0,0,0
0000764180-24-000018,"ALTRIA GROUP, INC.","We have a leading portfolio of tobacco products for U.S. tobacco consumers age 21+. Our Vision is to responsibly lead the transition of adult smokers to a smoke-free future. We are Moving Beyond SmokingTM, leading the way in moving adult smokers away from cigarettes by taking action to transition millions to potentially less harmful choices - believing it is a substantial opportunity for adult tobacco consumers, our businesses and society.

We continue to monitor the evolving macroeconomic and geopolitical landscapes. While the annual rate of inflation declined during 2023, inflation remains above the Federal Reserve’s target of 2%, which is a key benchmark for the Federal Reserve in determining the timing and magnitude of changes to the federal funds rate. We continue to observe discretionary income pressures on adult tobacco consumers as a result of the cumulative effects of inflation and higher consumer debt levels. During 2023, cigarette retail share for the industry discount segment increased year-over-year. We will continue to monitor the effect of these dynamics on adult tobacco consumer purchase behaviors, including overall tobacco product expenditures, mix between premium and discount brand purchases and adoption of smoke-free products. We expect discretionary income pressures to continue to influence adult tobacco consumers’ purchase behaviors in 2024. Inflation also has a direct and adverse impact on our direct and indirect costs.

In the e-vapor category, illegal flavored disposable product usage increased in 2023 and currently comprises over 50% of the e-vapor category. The primary impacts of this trend have been an increase in the rate of cross-category movement among adult cigarette smokers, contributing to higher than expected domestic cigarette industry volume declines as well as declines in pod-based product volume within the e-vapor category.

Volatility in domestic and global economies and disruptions in the supply and distribution chains are expected to continue in 2024, resulting from several factors, including supply and demand imbalances across many commodity sectors, raw materials availability and geopolitical events. We continue to work to mitigate the potential negative impacts of these macroeconomic and geopolitical dynamics on our businesses through, among other actions, proactive engagement with current and potential suppliers and distributors, the development of alternative sourcing strategies, entry into long-term supply contracts and prudent oversight of our liquidity.

The trends and developments discussed above have not had a material adverse impact on our consolidated financial statements, but we continue to monitor these trends and developments and potential financial impacts. Additionally, we do not believe that these trends and developments have materially impacted our ability to achieve our Vision. As the trends and developments discussed above evolve","We have a leading portfolio of tobacco products for U.S. tobacco consumers age 21+. Our Vision is to responsibly lead the transition of adult smokers to a smoke-free future. We are Moving Beyond [NAME], leading the way in moving adult smokers away from cigarettes by taking action to transition millions to potentially less harmful choices - believing it is a substantial opportunity for adult tobacco consumers, our businesses and society.

We continue to monitor the evolving macroeconomic and geopolitical landscapes. While the annual rate of inflation declined during [YEAR], inflation remains above the Federal Reserve’s target of 2%, which is a key benchmark for the Federal Reserve in determining the timing and magnitude of changes to the federal funds rate. We continue to observe discretionary income pressures on adult tobacco consumers as a result of the cumulative effects of inflation and higher consumer debt levels. During [YEAR], cigarette retail share for the industry discount segment increased year-over-year. We will continue to monitor the effect of these dynamics on adult tobacco consumer purchase behaviors, including overall tobacco product expenditures, mix between premium and discount brand purchases and adoption of smoke-free products. We expect discretionary income pressures to continue to influence adult tobacco consumers’ purchase behaviors in [YEAR]. Inflation also has a direct and adverse impact on our direct and indirect costs.

In the e-vapor category, illegal flavored disposable product usage increased in [YEAR] and currently comprises over 50% of the e-vapor category. The primary impacts of this trend have been an increase in the rate of cross-category movement among adult cigarette smokers, contributing to higher than expected domestic cigarette industry volume declines as well as declines in pod-based product volume within the e-vapor category.

Volatility in domestic and global economies and disruptions in the supply and distribution chains are expected to continue in [YEAR], resulting from several factors, including supply and demand imbalances across many commodity sectors, raw materials availability and geopolitical events. We continue to work to mitigate the potential negative impacts of these macroeconomic and geopolitical dynamics on our businesses through, among other actions, proactive engagement with current and potential suppliers and distributors, the development of alternative sourcing strategies, entry into long-term supply contracts and prudent oversight of our liquidity.

The trends and developments discussed above have not had a material adverse impact on our consolidated financial statements, but we continue to monitor these trends and developments and potential financial impacts. Additionally, we do not believe that these trends and developments have materially impacted our ability to achieve our Vision. As the trends and developments discussed above evolve",0,0,0,0,0,0,1,5,0,0,0
0000815556-22-000009,FASTENAL CO,"It is helpful to appreciate several aspects of our marketplace: (1) It's big. We estimate the North American marketplace for industrial supplies is in excess of $140 billion per year (and we have expanded beyond North America) and no company has a significant portion of this market. (2) Many of the products we sell are individually inexpensive, but the cost and time to manage, procure, and transport these products can be quite meaningful. (3) Purchasing professionals often expend disproportionate effort managing the high stock keeping unit (SKU) count of low-volume, low value MRO supplies which is better allocated to their higher volume, higher value OEM supplies. (4) Many customers prefer to reduce their number of suppliers to simplify their business, while also utilizing various technologies and models (including our local branches when they need something quickly or unexpectedly) to improve availability and reduce waste. (5) We believe the markets are efficient. In our view, this means that companies that grow market share are those that develop differentiated capabilities that provide the greatest value to the customer.

The pandemic continued to have a significant impact on our business in the third and fourth quarters of 2020. The marketplace broadly, and Fastenal specifically, continued to operate with certain modifications to balance re-opening with employee and customer safety. However, most of the markets in which we operate began to normalize in the second half of 2020. This improved the outlook of the manufacturing and construction customers that support our traditional branch and Onsite business and moderated the level of demand for PPE and sanitation products that we experienced at the onset of the pandemic. The sequential gains in economic activity that we experienced in the latter part of the second quarter of 2020 continued through the third and fourth quarters of 2020.

There remains significant uncertainty concerning the duration of the COVID-19 pandemic as well as the severity of any future infection surges. As a result, future events deriving from COVID-19 may negatively impact sales and gross margin due to, among other things: limitations on the ability of our suppliers to manufacture, or procure from manufacturers, the products we sell; an inability to meet delivery requirements and commitments; limitations on the ability of our employees to perform their work due to illness caused by the pandemic or local, state, or federal orders requiring employees to remain at home; limitations on the ability of carriers to deliver our products to customers; limitations on the ability of our customers to conduct their business and purchase our products and services; and limitations","It is helpful to appreciate several aspects of our marketplace: (1) It's big. We estimate the North American marketplace for industrial supplies is in excess of $140 billion per year (and we have expanded beyond North America) and no company has a significant portion of this market. (2) Many of the products we sell are individually inexpensive, but the cost and time to manage, procure, and transport these products can be quite meaningful. (3) Purchasing professionals often expend disproportionate effort managing the high stock keeping unit (SKU) count of low-volume, low value [NAME] supplies which is better allocated to their higher volume, higher value [NAME] supplies. (4) Many customers prefer to reduce their number of suppliers to simplify their business, while also utilizing various technologies and models (including our local branches when they need something quickly or unexpectedly) to improve availability and reduce waste. (5) We believe the markets are efficient. In our view, this means that companies that grow market share are those that develop differentiated capabilities that provide the greatest value to the customer.

The pandemic continued to have a significant impact on our business in the third and fourth quarters of [YEAR]. The marketplace broadly, and [COMPANY] specifically, continued to operate with certain modifications to balance re-opening with employee and customer safety. However, most of the markets in which we operate began to normalize in the second half of [YEAR]. This improved the outlook of the manufacturing and construction customers that support our traditional branch and Onsite business and moderated the level of demand for PPE and sanitation products that we experienced at the onset of the pandemic. The sequential gains in economic activity that we experienced in the latter part of the second quarter of [YEAR] continued through the third and fourth quarters of [YEAR].

There remains significant uncertainty concerning the duration of the COVID-19 pandemic as well as the severity of any future infection surges. As a result, future events deriving from COVID-19 may negatively impact sales and gross margin due to, among other things: limitations on the ability of our suppliers to manufacture, or procure from manufacturers, the products we sell; an inability to meet delivery requirements and commitments; limitations on the ability of our employees to perform their work due to illness caused by the pandemic or local, state, or federal orders requiring employees to remain at home; limitations on the ability of carriers to deliver our products to customers; limitations on the ability of our customers to conduct their business and purchase our products and services; and limitations",1,0,0,0,0,0,2,4,0,0,0
0000851968-22-000026,MOHAWK INDUSTRIES INC,"Mohawk is a significant supplier of every major flooring category with manufacturing operations in 18 nations and sales in approximately 170 countries. Based on its annual sales, the Company believes it is the world’s largest flooring manufacturer. A majority of the Company’s long-lived assets are located in the United States and Europe, which are also the Company’s primary markets. Additionally, the Company maintains operations in the United Kingdom, Russia, Mexico, Australia, New Zealand, Brazil and other parts of the world. The Company is a leading provider of flooring for residential and commercial markets and has earned significant recognition for its innovation in design and performance as well as sustainability.

Due to its global footprint, Mohawk’s business is sensitive to macroeconomic events in the United States and abroad. The current environment has placed unprecedented demands on the Company’s operations as the COVID-19 pandemic has caused disruptions to the Company’s markets and operations around the world. While the near-term economic and financial impact of the COVID-19 pandemic is improving in its residential markets, the Company expects that it will continue to see fluctuating demand across a number of its markets. During 2020, the Company completed actions prompted by the evolving COVID-19 pandemic to enhance future performance including site closings, other facility and product rationalizations and workforce reductions. These global actions delivered savings of approximately $110 million in the aggregate in 2020 and 2021, with costs of approximately $168 million.

The Company believes it has the experience and resources necessary to capitalize on opportunities that will arise given projected strength in residential new construction and remodeling and forecasts for lower inflation, improved global supply chain issues and eventual pandemic containment. The Company also believes it is well positioned with a strong balance sheet and limited debt. Based on its current liquidity and available credit, the Company is in a position to finance internal investments, acquisitions and/or additional stock purchases. Finally, the Company is applying recommendations of local health authorities with procedures that minimize COVID-19 pandemic exposure risk for employees, suppliers, customers and other stakeholders. For information on risk that could impact the Company’s results, please refer to “Risk Factors” in Part I, Item 1A of this Form 10-K.

Net earnings attributable to the Company were $1,033.2 million, or diluted EPS of $14.94 for 2021 compared to net earnings attributable to the Company of $515.6 million, or diluted EPS of $7.22 for 2020. The change in EPS","[COMPANY] is a significant supplier of every major flooring category with manufacturing operations in 18 nations and sales in approximately 170 countries. Based on its annual sales, the Company believes it is the world’s largest flooring manufacturer. A majority of the Company’s long-lived assets are located in the United States and Europe, which are also the Company’s primary markets. Additionally, the Company maintains operations in the United Kingdom, Russia, Mexico, Australia, New Zealand, Brazil and other parts of the world. The Company is a leading provider of flooring for residential and commercial markets and has earned significant recognition for its innovation in design and performance as well as sustainability.

Due to its global footprint, [COMPANY]’s business is sensitive to macroeconomic events in the United States and abroad. The current environment has placed unprecedented demands on the Company’s operations as the COVID-19 pandemic has caused disruptions to the Company’s markets and operations around the world. While the near-term economic and financial impact of the COVID-19 pandemic is improving in its residential markets, the Company expects that it will continue to see fluctuating demand across a number of its markets. During [YEAR], the Company completed actions prompted by the evolving COVID-19 pandemic to enhance future performance including site closings, other facility and product rationalizations and workforce reductions. These global actions delivered savings of approximately $110 million in the aggregate in [YEAR] and [YEAR], with costs of approximately $168 million.

The Company believes it has the experience and resources necessary to capitalize on opportunities that will arise given projected strength in residential new construction and remodeling and forecasts for lower inflation, improved global supply chain issues and eventual pandemic containment. The Company also believes it is well positioned with a strong balance sheet and limited debt. Based on its current liquidity and available credit, the Company is in a position to finance internal investments, acquisitions and/or additional stock purchases. Finally, the Company is applying recommendations of local health authorities with procedures that minimize COVID-19 pandemic exposure risk for employees, suppliers, customers and other stakeholders. For information on risk that could impact the Company’s results, please refer to “Risk Factors” in Part I, Item 1A of this Form 10-K.

Net earnings attributable to the Company were $1,033.2 million, or diluted EPS of $14.94 for [YEAR] compared to net earnings attributable to the Company of $515.6 million, or diluted EPS of $7.22 for [YEAR]. The change in EPS",2,0,0,0,0,0,0,5,0,0,0
0000875320-25-000053,VERTEX PHARMACEUTICALS INC / MA,"In January 2025, the FDA approved JOURNAVX, our selective non-opioid NaV1.8 pain signal inhibitor, for the treatment of people with moderate-to-severe acute pain. We have begun our commercial launch of JOURNAVX in the U.S. for eligible adults. In addition, we are enrolling and dosing patients in a Phase 3 clinical trial evaluating suzetrigine for the treatment of diabetic peripheral neuropathy, a common form of peripheral neuropathic pain. In December 2024, we announced Phase 2 clinical trial results showing that treatment with suzetrigine demonstrated a statistically significant and clinically meaningful within-group reduction in pain on the numeric pain rating scale for people with lumbosacral radiculopathy (“LSR”), a form of peripheral neuropathic pain. The clinical trial also included a placebo reference arm, which showed a similar within-group reduction. Suzetrigine was safe and generally well-tolerated in the Phase 2 clinical trial. We hypothesize that a high placebo response in this clinical trial led to a lack of separation of the suzetrigine and placebo response curves. We believe we can innovate in pain clinical trial design to better control the placebo effect, and succeed in pivotal development with suzetrigine. We plan to advance suzetrigine into pivotal development in LSR, pending discussions with regulators on trial design and the regulatory package.

We expect to grow our CF business by increasing the number of people with CF who are eligible and able to receive our medicines. We have revised estimates for the number of people with CF in the U.S., Europe, Australia, and Canada from approximately 92,000 to approximately 94,000 people. Additionally, we continue to secure formal reimbursement in multiple additional countries that collectively comprise approximately 15,000 additional people with CF. Approximately 10,000 of those additional people with CF are eligible for treatment with CFTR modulators. We previously served many of these markets through named patient sales.

•We have activated more than 50 authorized treatment centers globally, and more than 50 patients have initiated cell collection. We expect significant growth in the number of new patients initiating cell collection throughout 2025.

•In January 2025, the FDA approved JOURNAVX for the treatment of moderate-to-severe acute pain in adults. We are working to secure broad stocking agreements for JOURNAVX with national retail pharmacies and regional pharmacy","In January [YEAR], the FDA approved [ORGANIZATION], our selective non-opioid NaV1.8 pain signal inhibitor, for the treatment of people with moderate-to-severe acute pain. We have begun our commercial launch of [ORGANIZATION] in the U.S. for eligible adults. In addition, we are enrolling and dosing patients in a Phase 3 clinical trial evaluating suzetrigine for the treatment of diabetic peripheral neuropathy, a common form of peripheral neuropathic pain. In December [YEAR], we announced Phase 2 clinical trial results showing that treatment with suzetrigine demonstrated a statistically significant and clinically meaningful within-group reduction in pain on the numeric pain rating scale for people with lumbosacral radiculopathy (“[ORGANIZATION]”), a form of peripheral neuropathic pain. The clinical trial also included a placebo reference arm, which showed a similar within-group reduction. [NAME] was safe and generally well-tolerated in the Phase 2 clinical trial. We hypothesize that a high placebo response in this clinical trial led to a lack of separation of the suzetrigine and placebo response curves. We believe we can innovate in pain clinical trial design to better control the placebo effect, and succeed in pivotal development with suzetrigine. We plan to advance suzetrigine into pivotal development in [ORGANIZATION], pending discussions with regulators on trial design and the regulatory package.

We expect to grow our CF business by increasing the number of people with [ORGANIZATION] who are eligible and able to receive our medicines. We have revised estimates for the number of people with [ORGANIZATION] in the U.S., Europe, Australia, and Canada from approximately 92,000 to approximately 94,000 people. Additionally, we continue to secure formal reimbursement in multiple additional countries that collectively comprise approximately 15,000 additional people with [ORGANIZATION]. Approximately 10,000 of those additional people with [ORGANIZATION] are eligible for treatment with [ORGANIZATION] modulators. We previously served many of these markets through named patient sales.

•We have activated more than 50 authorized treatment centers globally, and more than 50 patients have initiated cell collection. We expect significant growth in the number of new patients initiating cell collection throughout [YEAR].

•In January [YEAR], the FDA approved [ORGANIZATION] for the treatment of moderate-to-severe acute pain in adults. We are working to secure broad stocking agreements for [ORGANIZATION] with national retail pharmacies and regional pharmacy",0,0,0,0,0,11,1,4,0,0,0
0000884887-21-000006,ROYAL CARIBBEAN CRUISES LTD,"The discussion under this caption ""Management's Discussion and Analysis of Financial Condition and Results of Operations"" and elsewhere in this document, includes ""forward-looking statements"" within the meaning of the Private Securities Litigation Reform Act of 1995. All statements other than statements of historical fact, including statements regarding our expectations for the first quarter and full year of 2021, business and industry prospects or future results of operations or financial position, made in this Annual Report on Form 10-K are forward-looking. Words such as ""anticipate,"" ""believe,"" ""could,"" ""estimate,"" ""expect,"" ""goal,"" ""intend,"" ""may,"" ""plan,"" ""project,"" ""seek,"" ""should,"" ""will,"" ""driving"" and similar expressions are intended to further identify any of these forward-looking statements. Forward-looking statements reflect management's current expectations but they are based on judgments and are inherently uncertain. Furthermore, they are subject to risks, uncertainties and other factors that could cause our actual results, performance or achievements to differ materially from the future results, performance or achievements expressed or implied in those forward-looking statements. Examples of these risks, uncertainties and other factors include, but are not limited to, those discussed in this Annual Report on Form 10-K and, in particular, the risks discussed under the caption ""Risk Factors"" in Part I, Item 1A herein.

Our consolidated financial statements are prepared in accordance with accounting principles generally accepted in the United States of America (""GAAP""). (Refer to Note 1. General and Note 2. Summary of Significant Accounting Policies to our consolidated financial statements under Item 8. Financial Statements and Supplementary Data). Certain of our accounting policies are deemed ""critical,"" as they require management's highest degree of judgment, estimates and assumptions. We have discussed these accounting policies and estimates with the audit committee of our board of directors. We believe our most critical accounting policies are as follows:

•Expected lower than comparable historical occupancy levels during the resumption of cruise operations; and

•Expected incremental expenses for the resumption of cruise operations, for the maintenance of additional public health protocols and procedures for additional regulations.

Ships represent our most significant assets and are stated at cost less accumulated depreciation and amortization. Depreciation of ships is generally computed net of a 10%-15% projected residual value, using the straight-line method over the estimated useful life of the asset, which is generally 30-35 years. The 30-35 year","The discussion under this caption ""Management's Discussion and Analysis of Financial Condition and Results of Operations"" and elsewhere in this document, includes ""forward-looking statements"" within the meaning of the Private Securities Litigation Reform Act of [YEAR]. All statements other than statements of historical fact, including statements regarding our expectations for the first quarter and full year of [YEAR], business and industry prospects or future results of operations or financial position, made in this Annual Report on Form 10-K are forward-looking. Words such as ""anticipate,"" ""believe,"" ""could,"" ""estimate,"" ""expect,"" ""goal,"" ""intend,"" ""may,"" ""plan,"" ""project,"" ""seek,"" ""should,"" ""will,"" ""driving"" and similar expressions are intended to further identify any of these forward-looking statements. Forward-looking statements reflect management's current expectations but they are based on judgments and are inherently uncertain. Furthermore, they are subject to risks, uncertainties and other factors that could cause our actual results, performance or achievements to differ materially from the future results, performance or achievements expressed or implied in those forward-looking statements. Examples of these risks, uncertainties and other factors include, but are not limited to, those discussed in this Annual Report on Form 10-K and, in particular, the risks discussed under the caption ""Risk Factors"" in Part I, Item 1A herein.

Our consolidated financial statements are prepared in accordance with accounting principles generally accepted in the United States of America (""GAAP""). (Refer to Note 1. General and Note 2. Summary of Significant Accounting Policies to our consolidated financial statements under Item 8. Financial Statements and Supplementary Data). Certain of our accounting policies are deemed ""critical,"" as they require management's highest degree of judgment, estimates and assumptions. We have discussed these accounting policies and estimates with the audit committee of our board of directors. We believe our most critical accounting policies are as follows:

•Expected lower than comparable historical occupancy levels during the resumption of cruise operations; and

•Expected incremental expenses for the resumption of cruise operations, for the maintenance of additional public health protocols and procedures for additional regulations.

Ships represent our most significant assets and are stated at cost less accumulated depreciation and amortization. Depreciation of ships is generally computed net of a 10%-15% projected residual value, using the straight-line method over the estimated useful life of the asset, which is generally 30-35 years. The 30-35 year",0,0,0,0,0,0,0,2,0,0,0
0000920522-25-000024,"ESSEX PROPERTY TRUST INC; ESSEX PROPERTY TRUST, INC.","In each of these regions, projected 2025 growth in new residential supply of apartment homes and single family homes is expected to be 1% or less of the total housing stock.

The average financial occupancy for the Company’s 2024 Same-Property portfolio (stabilized properties consolidated by the Company for the years ended December 31, 2024 and 2023) was 96.1% and 96.5% for the years ended December 31, 2024 and 2023, respectively. Financial occupancy is defined as the percentage resulting from dividing actual rental income by total scheduled rental income. Actual rental income represents contractual rental income pursuant to leases without considering delinquency and concessions. Total scheduled rental income represents the value of all apartment homes, with occupied apartment homes valued at contractual rental rates pursuant to leases and vacant apartment homes valued at estimated market rents. The Company believes that financial occupancy is a meaningful measure of occupancy because it considers the value of each vacant apartment home at its estimated market rate.

The Company does not take into account delinquency and concessions to calculate actual rent for occupied apartment homes and market rents for vacant apartment homes. The calculation of financial occupancy compares contractual rates for occupied apartment homes to estimated market rents for unoccupied apartment homes, and thus the calculation compares the gross value of all apartment homes excluding delinquency and concessions. For apartment communities that are development properties in lease-up without stabilized occupancy figures, the Company believes the physical occupancy rate is the appropriate performance metric. While an apartment community is in the lease-up phase, the Company’s primary motivation is to stabilize the property, which may entail the use of rent concessions and other incentives, and thus financial occupancy, which is based on contractual income, is not considered the best metric to quantify occupancy.

As of December 31, 2024, the Company had $66.8 million of unrestricted cash and cash equivalents and $69.8 million in marketable securities, all of which were equity securities. The Company believes that cash flows generated by its operations, existing cash and cash equivalents, marketable securities balances and availability under existing lines of credit are sufficient to

meet all of its anticipated cash needs during 2025. Additionally, the capital markets continue to be available and the Company is able to generate cash from the disposition of real estate assets to finance additional cash flow needs, including continued development and select acquisitions. In the event that economic disruptions occur, the Company may further utilize other resources such as its","In each of these regions, projected [YEAR] growth in new residential supply of apartment homes and single family homes is expected to be 1% or less of the total housing stock.

The average financial occupancy for the Company’s [YEAR] Same-Property portfolio (stabilized properties consolidated by the Company for the years ended [DATE] and [YEAR]) was 96.1% and 96.5% for the years ended [DATE] and [YEAR], respectively. Financial occupancy is defined as the percentage resulting from dividing actual rental income by total scheduled rental income. Actual rental income represents contractual rental income pursuant to leases without considering delinquency and concessions. Total scheduled rental income represents the value of all apartment homes, with occupied apartment homes valued at contractual rental rates pursuant to leases and vacant apartment homes valued at estimated market rents. The Company believes that financial occupancy is a meaningful measure of occupancy because it considers the value of each vacant apartment home at its estimated market rate.

The Company does not take into account delinquency and concessions to calculate actual rent for occupied apartment homes and market rents for vacant apartment homes. The calculation of financial occupancy compares contractual rates for occupied apartment homes to estimated market rents for unoccupied apartment homes, and thus the calculation compares the gross value of all apartment homes excluding delinquency and concessions. For apartment communities that are development properties in lease-up without stabilized occupancy figures, the Company believes the physical occupancy rate is the appropriate performance metric. While an apartment community is in the lease-up phase, the Company’s primary motivation is to stabilize the property, which may entail the use of rent concessions and other incentives, and thus financial occupancy, which is based on contractual income, is not considered the best metric to quantify occupancy.

As of [DATE], the Company had $66.8 million of unrestricted cash and cash equivalents and $69.8 million in marketable securities, all of which were equity securities. The Company believes that cash flows generated by its operations, existing cash and cash equivalents, marketable securities balances and availability under existing lines of credit are sufficient to

meet all of its anticipated cash needs during [YEAR]. Additionally, the capital markets continue to be available and the Company is able to generate cash from the disposition of real estate assets to finance additional cash flow needs, including continued development and select acquisitions. In the event that economic disruptions occur, the Company may further utilize other resources such as its",0,0,3,0,0,0,0,5,0,0,0
0000950170-24-021175,UNIVERSAL HEALTH SERVICES INC,"The following Management’s Discussion and Analysis of Financial Condition and Results of Operations (“MD&A”) is intended to promote an understanding of our operating results and financial condition. The MD&A is provided as a supplement to, and should be read in conjunction with, our consolidated financial statements and the accompanying notes to the Consolidated Financial Statements, as included in this Annual Report on Form 10-K. The MD&A contains forward-looking statements that involve risks, uncertainties, and assumptions. Actual results may differ materially from those anticipated in these forward-looking statements as a result of various factors, including, but not limited to, those presented under Item 1A. Risk Factors, and below in Forward-Looking Statements and Risk Factors and as included elsewhere in this Annual Report on Form 10-K. This section generally discusses our results of operations for the year ended December 31, 2023, as compared to the year ended December 31, 2022. For discussion of our result of operations and changes in our financial condition for the year ended December 31, 2022 as compared to the year ended December 31, 2021, please refer to Part II, Item 7. Management’s Discussion and Analysis of Financial Condition and Results of Operations in our Annual Report on Form 10-K for the year ended December 31, 2022, as filed with the Securities and Exchange Commission on February 27, 2023.

You should carefully review the information contained in this Annual Report, and should particularly consider any risk factors that we set forth in this Annual Report on Form 10-K for the year ended December 31, 2023, and in other reports or documents that we file from time to time with the Securities and Exchange Commission (the “SEC”). In this Annual Report, we state our beliefs of future events and of our future financial performance. This Annual Report contains “forward-looking statements” that reflect our current estimates, expectations and projections about our future results, performance, prospects and opportunities. Forward-looking statements include, among other things, the information concerning our possible future results of operations, business and growth

strategies, financing plans, expectations that regulatory developments or other matters will or will not have a material adverse effect on our business or financial condition, our competitive position and the effects of competition, the projected growth of the industry in which we operate, and the benefits and synergies to be obtained from our completed and any future acquisitions, and statements of our goals and objectives,","The following Management’s Discussion and Analysis of Financial Condition and Results of Operations (“MD&A”) is intended to promote an understanding of our operating results and financial condition. The MD&A is provided as a supplement to, and should be read in conjunction with, our consolidated financial statements and the accompanying notes to the Consolidated Financial Statements, as included in this Annual Report on Form 10-K. The MD&A contains forward-looking statements that involve risks, uncertainties, and assumptions. Actual results may differ materially from those anticipated in these forward-looking statements as a result of various factors, including, but not limited to, those presented under Item 1A. Risk Factors, and below in Forward-Looking Statements and Risk Factors and as included elsewhere in this Annual Report on Form 10-K. This section generally discusses our results of operations for the year ended [DATE], as compared to the year ended [DATE]. For discussion of our result of operations and changes in our financial condition for the year ended [DATE] as compared to the year ended [DATE], please refer to Part II, Item 7. Management’s Discussion and Analysis of Financial Condition and Results of Operations in our Annual Report on Form 10-K for the year ended [DATE], as filed with the Securities and Exchange Commission on [DATE].

You should carefully review the information contained in this Annual Report, and should particularly consider any risk factors that we set forth in this Annual Report on Form 10-K for the year ended [DATE], and in other reports or documents that we file from time to time with the Securities and Exchange Commission (the “SEC”). In this Annual Report, we state our beliefs of future events and of our future financial performance. This Annual Report contains “forward-looking statements” that reflect our current estimates, expectations and projections about our future results, performance, prospects and opportunities. Forward-looking statements include, among other things, the information concerning our possible future results of operations, business and growth

strategies, financing plans, expectations that regulatory developments or other matters will or will not have a material adverse effect on our business or financial condition, our competitive position and the effects of competition, the projected growth of the industry in which we operate, and the benefits and synergies to be obtained from our completed and any future acquisitions, and statements of our goals and objectives,",0,0,7,0,0,0,0,0,0,0,0
0001037646-24-000007,METTLER TOLEDO INTERNATIONAL INC/,"Changes in local currencies exclude the effect of currency exchange rate fluctuations. Local currency amounts are determined by translating current and previous year consolidated financial information at an index utilizing historical currency exchange rates. We believe local currency information provides a helpful assessment of business performance and a useful measure of results between periods. We do not, nor do we suggest that investors should, consider such non-GAAP financial measures in isolation from, or as a substitute for, financial information prepared in accordance with GAAP. We present non-GAAP financial measures in reporting our financial results to provide investors with an additional analytical tool to evaluate our operating results.

We also include in the discussion below disclosures of immaterial qualitative factors that are not quantified. Although the impact of such factors is not considered material, we believe these disclosures can be useful in evaluating our operating results.

Net sales in U.S. dollars decreased 3% in 2023 and increased 5% in 2022. Excluding the effect of currency exchange rate fluctuations, or in local currencies, net sales decreased 3% in 2023 and increased 11% in 2022. 2023 was a challenging year after very strong sales growth during the previous two years. Net sales in 2023 were also impacted by shipping delays of approximately $58 million with a new external European logistics service provider, which we expect to largely recover in the first quarter of 2024. We estimate local currency net sales decreased approximately 1% in 2023 excluding the impact of the delayed shipments. Market demand declined in our core segments, especially pharma/biopharmaceutical, with a significant drop-off in China during the second half of the year. While market demand declined, we continue to benefit from our strong global leadership positions, diversified customer base, innovative product offering, investment in emerging markets, significant installed base, and the impact of our sophisticated global sales and marketing programs. Examples of these programs include identifying and investing in growth and market penetration opportunities, more effectively pricing our products and services, increasing our sales force effectiveness through improved guidance and redirecting resources to our most promising growth opportunities, increasing the use of digital tools, and continuing to optimize our lead generation and lead nurturing processes.

As we enter 2024, we expect to continue to benefit from market trends towards automation and digitalization, as well as customer investments in on/near-shoring activities. However, many of our end markets, including pharma/biopharmaceutical, food, and chemical","Changes in local currencies exclude the effect of currency exchange rate fluctuations. Local currency amounts are determined by translating current and previous year consolidated financial information at an index utilizing historical currency exchange rates. We believe local currency information provides a helpful assessment of business performance and a useful measure of results between periods. We do not, nor do we suggest that investors should, consider such non-GAAP financial measures in isolation from, or as a substitute for, financial information prepared in accordance with GAAP. We present non-GAAP financial measures in reporting our financial results to provide investors with an additional analytical tool to evaluate our operating results.

We also include in the discussion below disclosures of immaterial qualitative factors that are not quantified. Although the impact of such factors is not considered material, we believe these disclosures can be useful in evaluating our operating results.

Net sales in U.S. dollars decreased 3% in [YEAR] and increased 5% in [YEAR]. Excluding the effect of currency exchange rate fluctuations, or in local currencies, net sales decreased 3% in [YEAR] and increased 11% in [YEAR]. [YEAR] was a challenging year after very strong sales growth during the previous two years. Net sales in [YEAR] were also impacted by shipping delays of approximately $58 million with a new external European logistics service provider, which we expect to largely recover in the first quarter of [YEAR]. We estimate local currency net sales decreased approximately 1% in [YEAR] excluding the impact of the delayed shipments. Market demand declined in our core segments, especially pharma/biopharmaceutical, with a significant drop-off in China during the second half of the year. While market demand declined, we continue to benefit from our strong global leadership positions, diversified customer base, innovative product offering, investment in emerging markets, significant installed base, and the impact of our sophisticated global sales and marketing programs. Examples of these programs include identifying and investing in growth and market penetration opportunities, more effectively pricing our products and services, increasing our sales force effectiveness through improved guidance and redirecting resources to our most promising growth opportunities, increasing the use of digital tools, and continuing to optimize our lead generation and lead nurturing processes.

As we enter [YEAR], we expect to continue to benefit from market trends towards automation and digitalization, as well as customer investments in on/near-shoring activities. However, many of our end markets, including pharma/biopharmaceutical, food, and chemical",0,0,0,0,0,0,0,9,0,0,0
0001047862-23-000038,CONSOLIDATED EDISON INC,"During the first nine months of 2022, Con Edison considered strategic alternatives with respect to the Clean Energy Businesses. On October 1, 2022, following the conclusion of such review and to allow for continued focus on the Utilities and their clean energy transition, Con Edison entered into a purchase and sale agreement pursuant to which Con Edison agreed to sell the Clean Energy Businesses to RWE Renewables Americas, LLC, a subsidiary of RWE Aktiengesellschaft (RWE) for a total of $6,800 million, subject to closing adjustments. The purchase price will be adjusted (i) upward for certain cash and cash equivalents, (ii) downward for certain indebtedness and debt-like items, (iii) downward for certain transaction expenses, (iv) upward or downward to the extent that the net working capital varies from a set target, (v) upward or downward to the extent that capital expenditures incurred prior to the closing of the transaction vary from a set budget, and (vi) downward by the value allocated to certain assets and projects that are not able to be conveyed to RWE upon closing of the transaction. The purchase and sale agreement includes certain customary representations, warranties and covenants. The transaction is subject to customary closing conditions, including, among other things; expiration of the waiting period under the Hart-Scott-Rodino Antitrust Improvements Act of 1976, as amended, which occurred on November 28, 2022; approval from the FERC under Section 203 of the Federal Power Act, which was obtained on January 20, 2023 and approval by the Committee on Foreign Investment in the United States, which was obtained on February 6, 2023. The transaction is expected to close on or about the end of the first quarter of 2023.

The success of the Companies’ efforts to meet federal, state and city clean energy policy goals and the impact of such goals on CECONY’s electric, gas and steam businesses and O&R’s electric and gas businesses may impact the Companies’ future financial condition. The Utilities expect electric demand to increase and gas and steam usage to decrease in their service territories as federal, state and local laws and policies are enacted and implemented that continue to promote renewable electric energy. In particular, the long-term future of the Utilities’ gas businesses depends upon the role that natural gas or other gaseous fuels will play in facilitating New York State’s and New York City’s climate goals. In","During the first nine months of [YEAR], [PERSON] considered strategic alternatives with respect to the Clean Energy Businesses. On [DATE], following the conclusion of such review and to allow for continued focus on the Utilities and their clean energy transition, [PERSON] entered into a purchase and sale agreement pursuant to which [PERSON] agreed to sell the Clean Energy Businesses to [NAME] [PERSON], LLC, a subsidiary of [ORGANIZATION] ([NAME]) for a total of $6,800 million, subject to closing adjustments. The purchase price will be adjusted (i) upward for certain cash and cash equivalents, (ii) downward for certain indebtedness and debt-like items, (iii) downward for certain transaction expenses, (iv) upward or downward to the extent that the net working capital varies from a set target, (v) upward or downward to the extent that capital expenditures incurred prior to the closing of the transaction vary from a set budget, and (vi) downward by the value allocated to certain assets and projects that are not able to be conveyed to [NAME] upon closing of the transaction. The purchase and sale agreement includes certain customary representations, warranties and covenants. The transaction is subject to customary closing conditions, including, among other things; expiration of the waiting period under the [NAME] Antitrust Improvements Act of [YEAR], as amended, which occurred on [DATE]; approval from the FERC under Section 203 of the Federal Power Act, which was obtained on [DATE] and approval by the Committee on Foreign Investment in the United States, which was obtained on [DATE]. The transaction is expected to close on or about the end of the first quarter of [YEAR].

The success of the Companies’ efforts to meet federal, state and city clean energy policy goals and the impact of such goals on [ORGANIZATION]’s electric, gas and steam businesses and [ORGANIZATION]’s electric and gas businesses may impact the Companies’ future financial condition. The Utilities expect electric demand to increase and gas and steam usage to decrease in their service territories as federal, state and local laws and policies are enacted and implemented that continue to promote renewable electric energy. In particular, the long-term future of the Utilities’ gas businesses depends upon the role that natural gas or other gaseous fuels will play in facilitating New York State’s and New York City’s climate goals. In",0,0,4,4,0,3,4,3,0,0,0
0001048695-25-000157,"F5 NETWORKS INC; F5 NETWORKS, INC.; F5, INC.","The following discussion of our financial condition and results of operations contains forward-looking statements within the meaning of Section 21E of the Securities Exchange Act of 1934 and Section 27A of the Securities Act of 1933. These statements include, but are not limited to, statements about our plans, objectives, expectations, strategies, intentions or other characterizations of future events or circumstances and are generally identified by the words ""expects,"" ""anticipates,"" ""intends,"" ""plans,"" ""believes,"" ""seeks,"" ""estimates,"" and similar expressions. These forward-looking statements are based on current information and expectations and are subject to a number of risks and uncertainties. Our actual results could differ materially from those expressed or implied by these forward-looking statements. Factors that could cause or contribute to such differences include, but are not limited to, those discussed under ""Item 1A. Risk Factors"" herein and in other documents we file from time to time with the Securities and Exchange Commission. We assume no obligation to revise or update any such forward-looking statements.

We monitor the sales mix of our revenues within each reporting period. We believe customer acceptance rates of our new products, feature enhancements and consumption models are indicators of future trends. We also consider overall revenue concentration by geographic region as an additional indicator of current and future trends. In fiscal 2025, we benefited from improving customer demand, which began to stabilize and improve following macroeconomic uncertainties at the start of fiscal 2024.

•Liquidity and cash flows. Our financial condition remains strong with significant cash and investments. The increase in cash and investments for fiscal year 2025 was primarily due to cash provided by operating activities of $949.7 million, partially offset by $502.1 million of cash used for the repurchase of outstanding common stock under our stock repurchase program, including the payment of related excise taxes. In addition, $171.1 million of cash was used for the acquisition of businesses during fiscal 2025, and $43.3 million of cash was used for capital expenditures related to the expansion of our facilities to support our operations worldwide, as well as investments in technology, including cloud hosting and software licenses, and equipment purchases to support our core business activities. Going forward, we believe the primary driver of cash flows will

continue to be net income from operations. We will continue to evaluate possible acquisitions of, or investments in businesses, products, or technologies that we believe are strategic, which","The following discussion of our financial condition and results of operations contains forward-looking statements within the meaning of Section 21E of the Securities Exchange Act of 1934 and Section 27A of the Securities Act of 1933. These statements include, but are not limited to, statements about our plans, objectives, expectations, strategies, intentions or other characterizations of future events or circumstances and are generally identified by the words ""expects,"" ""anticipates,"" ""intends,"" ""plans,"" ""believes,"" ""seeks,"" ""estimates,"" and similar expressions. These forward-looking statements are based on current information and expectations and are subject to a number of risks and uncertainties. Our actual results could differ materially from those expressed or implied by these forward-looking statements. Factors that could cause or contribute to such differences include, but are not limited to, those discussed under ""Item 1A. Risk Factors"" herein and in other documents we file from time to time with the Securities and Exchange Commission. We assume no obligation to revise or update any such forward-looking statements.

We monitor the sales mix of our revenues within each reporting period. We believe customer acceptance rates of our new products, feature enhancements and consumption models are indicators of future trends. We also consider overall revenue concentration by geographic region as an additional indicator of current and future trends. In fiscal [YEAR], we benefited from improving customer demand, which began to stabilize and improve following macroeconomic uncertainties at the start of fiscal [YEAR].

•Liquidity and cash flows. Our financial condition remains strong with significant cash and investments. The increase in cash and investments for fiscal year [YEAR] was primarily due to cash provided by operating activities of $949.7 million, partially offset by $502.1 million of cash used for the repurchase of outstanding common stock under our stock repurchase program, including the payment of related excise taxes. In addition, $171.1 million of cash was used for the acquisition of businesses during fiscal [YEAR], and $43.3 million of cash was used for capital expenditures related to the expansion of our facilities to support our operations worldwide, as well as investments in technology, including cloud hosting and software licenses, and equipment purchases to support our core business activities. Going forward, we believe the primary driver of cash flows will

continue to be net income from operations. We will continue to evaluate possible acquisitions of, or investments in businesses, products, or technologies that we believe are strategic, which",0,0,0,0,0,0,0,4,0,0,0
0001059556-24-000017,MOODYS CORP /DE/,"Moody’s is a global integrated risk assessment firm that empowers organizations to anticipate, adapt and thrive in a new era of exponential risk. Moody’s reports in two segments: MA and MIS.

The Company continues to monitor current macroeconomic and geopolitical uncertainties that have contributed to volatility in rated issuance volumes, which began in 2022 and have continued into 2023. These uncertainties include, but are not limited to: i) inflation levels; ii) higher interest rates; and iii) volatility in the global capital markets partly resulting from the ongoing military conflicts further discussed below and the failures of certain banking institutions in the first half of 2023. A substantial portion of MIS’s revenue is impacted by the level of issuance activity in the fixed income capital markets, both in the U.S. and internationally. While market volatility has resulted in suppressed rated issuance volumes in certain sectors, the Company believes that these suppressed volumes are predominantly transitory in nature. However, due to various uncertainties, Moody's is unable to predict the severity and duration of current macroeconomic and geopolitical uncertainties and their potential impact on future rated issuance volumes. Refer to Item 1A. “Risk Factors” for further disclosure relating to these risks.

Moody’s discussion and analysis of its financial condition and results of operations are based on the Company’s consolidated financial statements, which have been prepared in accordance with accounting principles generally accepted in the United States. The preparation of these financial statements requires Moody’s to make estimates and judgments that affect reported amounts of assets and liabilities and related disclosures of contingent assets and liabilities at the dates of the financial statements and revenue and expenses during the reporting periods. These estimates are based on historical experience and on other assumptions that are believed to be reasonable under the circumstances. On an ongoing basis, Moody’s evaluates its critical accounting estimates. Actual results may differ from these estimates under different assumptions or conditions. The following accounting estimates are considered critical because they are particularly dependent on management’s judgment about matters that are uncertain at the time the accounting estimates are made and changes to those estimates could have a material impact on the Company’s consolidated results of operations or financial condition.

The fair value of each reporting unit, excluding ICRA, was estimated using a discounted cash flow methodology and comparable public company and precedent transaction multiples. The discounted cash flow analysis requires significant estimates, including projections of future operating results and cash flows of each reporting unit that are based on internal budgets and strategic plans, expected long-term growth rates, terminal values, weighted average cost of","Moody’s is a global integrated risk assessment firm that empowers organizations to anticipate, adapt and thrive in a new era of exponential risk. Moody’s reports in two segments: MA and MIS.

The Company continues to monitor current macroeconomic and geopolitical uncertainties that have contributed to volatility in rated issuance volumes, which began in [YEAR] and have continued into [YEAR]. These uncertainties include, but are not limited to: i) inflation levels; ii) higher interest rates; and iii) volatility in the global capital markets partly resulting from the ongoing military conflicts further discussed below and the failures of certain banking institutions in the first half of [YEAR]. A substantial portion of MIS’s revenue is impacted by the level of issuance activity in the fixed income capital markets, both in the U.S. and internationally. While market volatility has resulted in suppressed rated issuance volumes in certain sectors, the Company believes that these suppressed volumes are predominantly transitory in nature. However, due to various uncertainties, Moody's is unable to predict the severity and duration of current macroeconomic and geopolitical uncertainties and their potential impact on future rated issuance volumes. Refer to Item 1A. “Risk Factors” for further disclosure relating to these risks.

Moody’s discussion and analysis of its financial condition and results of operations are based on the Company’s consolidated financial statements, which have been prepared in accordance with accounting principles generally accepted in the United States. The preparation of these financial statements requires Moody’s to make estimates and judgments that affect reported amounts of assets and liabilities and related disclosures of contingent assets and liabilities at the dates of the financial statements and revenue and expenses during the reporting periods. These estimates are based on historical experience and on other assumptions that are believed to be reasonable under the circumstances. On an ongoing basis, Moody’s evaluates its critical accounting estimates. Actual results may differ from these estimates under different assumptions or conditions. The following accounting estimates are considered critical because they are particularly dependent on management’s judgment about matters that are uncertain at the time the accounting estimates are made and changes to those estimates could have a material impact on the Company’s consolidated results of operations or financial condition.

The fair value of each reporting unit, excluding [ORGANIZATION], was estimated using a discounted cash flow methodology and comparable public company and precedent transaction multiples. The discounted cash flow analysis requires significant estimates, including projections of future operating results and cash flows of each reporting unit that are based on internal budgets and strategic plans, expected long-term growth rates, terminal values, weighted average cost of",0,0,0,0,0,1,0,3,0,0,0
0001104659-19-011581,HANSEN NATURAL CORP; Monster Beverage Corp,"The following Management’s Discussion and Analysis of Financial Condition and Results of Operations (“MD&A”) is provided as a supplement to – and should be read in conjunction with – our financial statements and the accompanying notes (“Notes”) included in Part II, Item 8 of this Form 10-K. This discussion contains forward-looking statements that are based on management’s current expectations, estimates and projections about our business and operations. Our actual results may differ materially from those currently anticipated and expressed in such forward-looking statements. See “Forward-Looking Statements” and “Part I, Item 1A – Risk Factors.”

· Forward-Looking Statements – cautionary information about forward-looking statements and a description of certain risks and uncertainties that could cause our actual results to differ materially from the Company’s historical results or our current expectations or projections; and

We believe that the key value drivers of our business include the following:

· Profitable Growth – We believe “functional” value-added brands supported by marketing and innovation and targeted to a diverse consumer base, drive profitable growth. We continue to broaden our family of products to provide more alternatives to consumers. We are focused on increasing the profit margins for both our Monster Energy® Drinks segment and our Strategic Brands segment, and believe that tailored branding, packaging, pricing and distribution channel strategies help achieve profitable growth. We are implementing these strategies with a view to continuing profitable growth.

· Efficient Capital Structure – Our capital structure is designed to optimize our working capital in order to finance expansion, both domestically and internationally. We believe that with our strong capital position, our ability to raise funds, if necessary, at a relatively low effective cost of borrowings, provides a competitive advantage. The reduction of accounts receivable and inventory days on hand will remain an area of focus.

We believe that, subject to increases in the costs of certain raw materials being contained, these value drivers, when implemented and/or achieved in the United States and internationally, will result in: (1) improving or maintaining our product gross profit margins; (2) providing additional leverage over time through reduced expenses as a percentage of net operating revenues; and (3) enhancing our cost of capital. The ultimate measure of success is and will be reflected in our current and future results of operations.

As of December 31, 2018, the Company had working capital of $1.20 billion compared to $1.53 billion as of December 31, 2017. The decrease in working capital was primarily the result of","The following Management’s Discussion and Analysis of Financial Condition and Results of Operations (“MD&A”) is provided as a supplement to – and should be read in conjunction with – our financial statements and the accompanying notes (“Notes”) included in Part II, Item 8 of this Form 10-K. This discussion contains forward-looking statements that are based on management’s current expectations, estimates and projections about our business and operations. Our actual results may differ materially from those currently anticipated and expressed in such forward-looking statements. See “Forward-Looking Statements” and “Part I, Item 1A – Risk Factors.”

· Forward-Looking Statements – cautionary information about forward-looking statements and a description of certain risks and uncertainties that could cause our actual results to differ materially from the Company’s historical results or our current expectations or projections; and

We believe that the key value drivers of our business include the following:

· Profitable Growth – We believe “functional” value-added brands supported by marketing and innovation and targeted to a diverse consumer base, drive profitable growth. We continue to broaden our family of products to provide more alternatives to consumers. We are focused on increasing the profit margins for both our [COMPANY] Energy® Drinks segment and our Strategic Brands segment, and believe that tailored branding, packaging, pricing and distribution channel strategies help achieve profitable growth. We are implementing these strategies with a view to continuing profitable growth.

· Efficient Capital Structure – Our capital structure is designed to optimize our working capital in order to finance expansion, both domestically and internationally. We believe that with our strong capital position, our ability to raise funds, if necessary, at a relatively low effective cost of borrowings, provides a competitive advantage. The reduction of accounts receivable and inventory days on hand will remain an area of focus.

We believe that, subject to increases in the costs of certain raw materials being contained, these value drivers, when implemented and/or achieved in the United States and internationally, will result in: (1) improving or maintaining our product gross profit margins; (2) providing additional leverage over time through reduced expenses as a percentage of net operating revenues; and (3) enhancing our cost of capital. The ultimate measure of success is and will be reflected in our current and future results of operations.

As of [DATE], the Company had working capital of $1.20 billion compared to $1.53 billion as of [DATE]. The decrease in working capital was primarily the result of",1,0,2,0,0,0,0,0,0,0,0
0001136893-24-000015,"Fidelity National Information Services, Inc.","The U.S. and Europe, the two largest geographic areas for our businesses, are experiencing slower economic growth than in previous years. Lengthening sales cycles observed in 2022, particularly for large Banking transactions with a total contract value in excess of $50 million, persisted during most of 2023, which we believe resulted from economic uncertainty. We also experienced, and continue to experience, higher rates of inflation in these markets, including increasing wage and benefits rates, which management believes is in part due to inflation and in part due to competitive job markets for the skilled employees who support our businesses, as well as increasing non-labor-related costs. The magnitude of future effects of slower economic growth, including lengthy sales cycles and inflation, is difficult to predict, although these factors have had an adverse effect on our results of operations and, to the extent they persist, may continue to have a negative effect. Rising interest rates have had, and may continue to have, a negative impact on our interest expense; however, planned debt reduction is expected to decrease our total interest expense. In 2022, the strengthening of the U.S. dollar had a negative impact on our revenue and earnings, while in 2023, impacts of foreign currency fluctuations were slightly favorable. Given the volatility of exchange rates and the mix of currencies involved in both revenues and expenses, the direction and magnitude of future effects of currency fluctuations are uncertain. The combined effect of the factors noted above resulted in 2023 revenue growth being slower than in 2022, and 2023 net earnings declined compared to 2022. Over the longer term, we are targeting improvements in revenue growth and margins to the extent of improving economic conditions and in response to planned management actions, including our Future Forward program discussed below.

Slowing growth trends affecting our discontinued operations observed over the second half of 2022, reflecting both slower economic growth, particularly in the U.K., and competitive pressures, continued over the course of 2023. In 2022, we recorded a goodwill impairment charge of $17.6 billion related to the held-for-sale reporting unit, reflecting our intermediate-term growth expectations. In the second quarter of 2023, we recorded an additional $6.8 billion goodwill impairment, reflective of the price at which we agreed to sell a majority interest in the Worldpay Merchant Solutions business to Buyer as discussed further below. See Note 3 to the consolidated financial statements for further details on the goodwill impairments. Also as","The U.S. and Europe, the two largest geographic areas for our businesses, are experiencing slower economic growth than in previous years. Lengthening sales cycles observed in [YEAR], particularly for large Banking transactions with a total contract value in excess of $50 million, persisted during most of [YEAR], which we believe resulted from economic uncertainty. We also experienced, and continue to experience, higher rates of inflation in these markets, including increasing wage and benefits rates, which management believes is in part due to inflation and in part due to competitive job markets for the skilled employees who support our businesses, as well as increasing non-labor-related costs. The magnitude of future effects of slower economic growth, including lengthy sales cycles and inflation, is difficult to predict, although these factors have had an adverse effect on our results of operations and, to the extent they persist, may continue to have a negative effect. Rising interest rates have had, and may continue to have, a negative impact on our interest expense; however, planned debt reduction is expected to decrease our total interest expense. In [YEAR], the strengthening of the U.S. dollar had a negative impact on our revenue and earnings, while in [YEAR], impacts of foreign currency fluctuations were slightly favorable. Given the volatility of exchange rates and the mix of currencies involved in both revenues and expenses, the direction and magnitude of future effects of currency fluctuations are uncertain. The combined effect of the factors noted above resulted in [YEAR] revenue growth being slower than in [YEAR], and [YEAR] net earnings declined compared to [YEAR]. Over the longer term, we are targeting improvements in revenue growth and margins to the extent of improving economic conditions and in response to planned management actions, including our Future Forward program discussed below.

Slowing growth trends affecting our discontinued operations observed over the second half of [YEAR], reflecting both slower economic growth, particularly in the U.K., and competitive pressures, continued over the course of [YEAR]. In [YEAR], we recorded a goodwill impairment charge of $17.6 billion related to the held-for-sale reporting unit, reflecting our intermediate-term growth expectations. In the second quarter of [YEAR], we recorded an additional $6.8 billion goodwill impairment, reflective of the price at which we agreed to sell a majority interest in the [NAME] Merchant Solutions business to Buyer as discussed further below. See Note 3 to the consolidated financial statements for further details on the goodwill impairments. Also as",0,0,0,0,0,0,1,12,0,0,0
0001193125-22-185257,GENERAL MILLS INC,"Our long-term growth objectives are to deliver the following performance

2 to 3 percent annual growth in organic net sales;

mid- to high-single-digit annual growth in adjusted diluted earnings per share

free cash flow conversion of at least 95 percent of adjusted net earnings after

cash return to shareholders of 80 to 90 percent of free cash flow,

for food at home, relative to pre-pandemic levels. These

leading brands, innovation, and advantaged capabilities to generate profitable

our brands available for our customers and consumers.

priorities we established at the beginning of the year:

measures not defined by generally accepted accounting principles (GAAP)).

debt-to-adjusted earnings before net interest, income taxes, depreciation

and amortization (net debt-to-adjusted EBITDA) ratio was 2.8

(See the “Non-GAAP Measures” section below for a description of our use of

of our fiscal 2021 performance compared to our fiscal 2020

for volume elasticities to increase but remain below

slowly moderate in fiscal 2023 compared to fiscal 2022 levels.

Based on these assumptions, our key full-year fiscal 2023 targets are

Organic net sales are expected to increase 4 to 5 percent.

in fiscal 2022, including a 3-point net headwind from divestitures and

Free cash flow conversion is expected to be at least 90 percent of adjusted after-tax

See the “Non-GAAP Measures” section below for a description of our use

Certain terms used throughout this report are defined in a glossary in Item

description of our use of measures not defined by GAAP).

A summary of our consolidated financial results for fiscal 2022 follows:

See the ""Non-GAAP Measures"" section below for our use of measures not defined by

(a) Measured in tons based on the stated weight of our product shipments.

Components of organic net sales growth are shown in the following

(a) Measured in tons based on the stated weight of our product shipments.

Organic net sales in fiscal 2022 increased 6 percent

driven by favorable organic net price realization and

partially offset by a decrease in contributions from

expenses and other administrative costs. SG&A expenses as a percent

of net sales in fiscal 2022 decreased 40 basis points compared to

Item 1 of this report). Divestiture loss totaled $54 million in fiscal 2021 due

to the sale of our Laticínios Carolina business in Brazil.

Financial Statements in Item 8 of","Our long-term growth objectives are to deliver the following performance

2 to 3 percent annual growth in organic net sales;

mid- to high-single-digit annual growth in adjusted diluted earnings per share

free cash flow conversion of at least 95 percent of adjusted net earnings after

cash return to shareholders of 80 to 90 percent of free cash flow,

for food at home, relative to pre-pandemic levels. These

leading brands, innovation, and advantaged capabilities to generate profitable

our brands available for our customers and consumers.

priorities we established at the beginning of the year:

measures not defined by generally accepted accounting principles (GAAP)).

debt-to-adjusted earnings before net interest, income taxes, depreciation

and amortization (net debt-to-adjusted EBITDA) ratio was 2.8

(See the “Non-GAAP Measures” section below for a description of our use of

of our fiscal [YEAR] performance compared to our fiscal [YEAR]

for volume elasticities to increase but remain below

slowly moderate in fiscal [YEAR] compared to fiscal [YEAR] levels.

Based on these assumptions, our key full-year fiscal [YEAR] targets are

Organic net sales are expected to increase 4 to 5 percent.

in fiscal [YEAR], including a 3-point net headwind from divestitures and

Free cash flow conversion is expected to be at least 90 percent of adjusted after-tax

See the “Non-GAAP Measures” section below for a description of our use

Certain terms used throughout this report are defined in a glossary in Item

description of our use of measures not defined by GAAP).

A summary of our consolidated financial results for fiscal [YEAR] follows:

See the ""Non-GAAP Measures"" section below for our use of measures not defined by

(a) Measured in tons based on the stated weight of our product shipments.

Components of organic net sales growth are shown in the following

(a) Measured in tons based on the stated weight of our product shipments.

Organic net sales in fiscal [YEAR] increased 6 percent

driven by favorable organic net price realization and

partially offset by a decrease in contributions from

expenses and other administrative costs. SG&A expenses as a percent

of net sales in fiscal [YEAR] decreased 40 basis points compared to

Item 1 of this report). Divestiture loss totaled $54 million in fiscal [YEAR] due

to the sale of our Laticínios Carolina business in Brazil.

Financial Statements in Item 8 of",0,0,0,0,0,0,0,10,0,0,0
0001558370-19-000884,"CBOE Holdings, Inc.; Cboe Global Markets, Inc.","The comparability of our results of operations between reported periods is impacted by the acquisition of Bats on February 28, 2017. Operating results and other financial metrics for U.S. Equities, European Equities and Global FX represent activity for the ten months ended December 31, 2017. The following are summaries of changes in financial performance and include certain non-GAAP financial measures. These non-GAAP financials measures assist management in comparing our performance on a consistent basis for purposes of business decision making by removing the impact of certain items management believes do not reflect our underlying operations. Please see the footnotes below for additional information and reconciliations from our consolidated financial statements.

EBITDA is defined as income before interest, income taxes, depreciation and amortization. Adjusted EBITDA is defined as EBITDA before acquisition-related costs, accelerated stock-based compensation, change in fair value of contingent consideration, and provision for uncollectable convertible notes receivable. EBITDA and adjusted EBITDA do not represent, and should not be considered as, alternatives to net income or cash flows from operations, each as determined in accordance with GAAP. We have presented EBITDA and adjusted EBITDA because we consider them important supplemental measures of our performance and believe that they are frequently used by analysts, investors and other interested parties in the evaluation of companies. In addition, we use adjusted EBITDA as a measure of operating performance for preparation of our forecasts and evaluating our leverage ratio for the debt to earnings covenant included in our outstanding credit facility. Other companies may calculate EBITDA and adjusted EBITDA differently than we do. EBITDA and adjusted EBITDA have limitations as analytical tools, and you should not consider them in isolation or as substitutes for analysis of our results as reported under GAAP.

Adjusted earnings is defined as net income adjusted for amortization of purchased intangibles, acquisition-related costs, interest and other borrowing costs, impairment of intangible assets, provision for uncollectable convertible notes receivable, change in fair value of contingent consideration, changes in redemption value of non-controlling interest, tax effect of amortization and other items, tax effect of tax reform law, tax provision remeasurements, re-measurement of deferred tax assets and liabilities as a result of corporate tax increases in Illinois, net income allocated to participating securities, and accelerated stock-based compensation, net of the income tax effects of these adjustments. Adjusted earnings does not represent,","The comparability of our results of operations between reported periods is impacted by the acquisition of Bats on [DATE]. Operating results and other financial metrics for [ORGANIZATION], [ORGANIZATION] and Global FX represent activity for the ten months ended [DATE]. The following are summaries of changes in financial performance and include certain non-GAAP financial measures. These non-GAAP financials measures assist management in comparing our performance on a consistent basis for purposes of business decision making by removing the impact of certain items management believes do not reflect our underlying operations. Please see the footnotes below for additional information and reconciliations from our consolidated financial statements.

EBITDA is defined as income before interest, income taxes, depreciation and amortization. Adjusted EBITDA is defined as EBITDA before acquisition-related costs, accelerated stock-based compensation, change in fair value of contingent consideration, and provision for uncollectable convertible notes receivable. EBITDA and adjusted EBITDA do not represent, and should not be considered as, alternatives to net income or cash flows from operations, each as determined in accordance with GAAP. We have presented EBITDA and adjusted EBITDA because we consider them important supplemental measures of our performance and believe that they are frequently used by analysts, investors and other interested parties in the evaluation of companies. In addition, we use adjusted EBITDA as a measure of operating performance for preparation of our forecasts and evaluating our leverage ratio for the debt to earnings covenant included in our outstanding credit facility. Other companies may calculate EBITDA and adjusted EBITDA differently than we do. EBITDA and adjusted EBITDA have limitations as analytical tools, and you should not consider them in isolation or as substitutes for analysis of our results as reported under GAAP.

Adjusted earnings is defined as net income adjusted for amortization of purchased intangibles, acquisition-related costs, interest and other borrowing costs, impairment of intangible assets, provision for uncollectable convertible notes receivable, change in fair value of contingent consideration, changes in redemption value of non-controlling interest, tax effect of amortization and other items, tax effect of tax reform law, tax provision remeasurements, re-measurement of deferred tax assets and liabilities as a result of corporate tax increases in Illinois, net income allocated to participating securities, and accelerated stock-based compensation, net of the income tax effects of these adjustments. Adjusted earnings does not represent,",0,0,2,0,0,2,0,0,0,0,0
0001558370-25-003810,"Ulta Beauty, Inc.; Ulta Salon, Cosmetics & Fragrance, Inc.","We were founded in 1990 as a beauty retailer at a time when prestige, mass, and salon products were sold through distinct channels – department stores for prestige products; drug stores and mass merchandisers for mass products; and salons and authorized retail outlets for professional hair care products. We developed a unique specialty retail concept that offers a broad range of brands and price points, select beauty services, and a convenient and welcoming shopping environment. We define our target consumer as a beauty enthusiast, a consumer who is passionate about the beauty category, uses beauty for self-expression, experimentation, and self-investment, and has high expectations for the shopping experience. We estimate there are approximately 140 million beauty enthusiasts in the U.S. We believe our strategy provides us with the competitive advantages that have contributed to our financial performance.

The continued growth of our business and any future increases in net sales, net income, and cash flows is dependent on our ability to execute our strategic priorities across four foundational focus areas: 1) Assortment: curating the best of all things beauty and wellness for all beauty enthusiasts; 2) Experience: fostering authentic, empowering human connections that inspire, delight and engage guests at every touchpoint; 3) Loyalty: building lifelong loyalty and brand love through member growth and personalization; and 4) Access: engaging our guests wherever they want to shop by expanding our reach through seamless and immersive omnichannel experiences. We operate in an attractive and growing U.S. beauty products and salon services industry, and believe our strong operating model, competitive advantages, and financial foundation, paired with our investments to drive our growth, position us to capture additional market share in the industry.

Comparable sales is a key metric that is monitored closely within the retail industry. Our comparable sales have fluctuated in the past, and we expect them to continue to fluctuate in the future. A variety of factors affect our comparable sales, including general U.S. economic conditions, changes in merchandise strategy or mix, and timing and effectiveness of our marketing activities, among others.

Over the long term, our growth strategy is to drive profitable growth and market share leadership in beauty and wellness through growing our comparable sales, expanding omnichannel capabilities, and opening new stores. Long-term operating profit is expected to increase as a result of our efforts to drive revenue growth, leverage fixed costs, improve

Persistent inflationary and macroeconomic pressures have impacted consumer spending habits broadly, which we believe may have contributed to lower sales","We were founded in [YEAR] as a beauty retailer at a time when prestige, mass, and salon products were sold through distinct channels – department stores for prestige products; drug stores and mass merchandisers for mass products; and salons and authorized retail outlets for professional hair care products. We developed a unique specialty retail concept that offers a broad range of brands and price points, select beauty services, and a convenient and welcoming shopping environment. We define our target consumer as a beauty enthusiast, a consumer who is passionate about the beauty category, uses beauty for self-expression, experimentation, and self-investment, and has high expectations for the shopping experience. We estimate there are approximately 140 million beauty enthusiasts in the U.S. We believe our strategy provides us with the competitive advantages that have contributed to our financial performance.

The continued growth of our business and any future increases in net sales, net income, and cash flows is dependent on our ability to execute our strategic priorities across four foundational focus areas: 1) Assortment: curating the best of all things beauty and wellness for all beauty enthusiasts; 2) Experience: fostering authentic, empowering human connections that inspire, delight and engage guests at every touchpoint; 3) Loyalty: building lifelong loyalty and brand love through member growth and personalization; and 4) Access: engaging our guests wherever they want to shop by expanding our reach through seamless and immersive omnichannel experiences. We operate in an attractive and growing U.S. beauty products and salon services industry, and believe our strong operating model, competitive advantages, and financial foundation, paired with our investments to drive our growth, position us to capture additional market share in the industry.

Comparable sales is a key metric that is monitored closely within the retail industry. Our comparable sales have fluctuated in the past, and we expect them to continue to fluctuate in the future. A variety of factors affect our comparable sales, including general U.S. economic conditions, changes in merchandise strategy or mix, and timing and effectiveness of our marketing activities, among others.

Over the long term, our growth strategy is to drive profitable growth and market share leadership in beauty and wellness through growing our comparable sales, expanding omnichannel capabilities, and opening new stores. Long-term operating profit is expected to increase as a result of our efforts to drive revenue growth, leverage fixed costs, improve

Persistent inflationary and macroeconomic pressures have impacted consumer spending habits broadly, which we believe may have contributed to lower sales",0,0,0,0,0,0,0,1,0,0,0
0001613103-22-000023,Medtronic plc,"The following discussion and analysis provides information management believes to be relevant to understanding the financial condition and results of operations of the Company. The discussion focuses on our financial results for the fiscal year ended April 29, 2022 (fiscal year 2022) and the fiscal year ended April 30, 2021 (fiscal year 2021). A discussion on our results of operations for fiscal year 2021 as compared to the year ended April 24, 2020 (fiscal year 2020) is included in Part II, Item 7. ""Management's Discussion and Analysis of Financial Condition and Results of Operations"" of our Annual Report on Form 10-K for the year ended April 30, 2021, filed with the SEC on June 25, 2021, and is incorporated by reference into this Form 10-K. You should read this discussion and analysis along with our consolidated financial statements and related notes thereto at April 29, 2022 and April 30, 2021 and for fiscal years 2022, 2021, and 2020, which are presented within ""Item 8. Financial Statements and Supplementary Data"" in this Annual Report on Form 10-K. Amounts reported in millions within this annual report are computed based on the amounts in thousands, and therefore, the sum of the components may not equal the total amount reported in millions due to rounding. Additionally, certain columns and rows within tables may not sum due to rounding.

Throughout this Management’s Discussion and Analysis, we present certain financial measures that facilitate management's review of the operational performance of the Company and as a basis for strategic planning; however, such financial measures are not presented in our financial statements prepared in accordance with accounting principles generally accepted in the United States (U.S.) (U.S. GAAP). These financial measures are considered ""non-GAAP financial measures"" and are intended to supplement, and should not be considered as superior to, financial measures presented in accordance with U.S. GAAP. We believe that non-GAAP financial measures provide information useful to investors in understanding the Company's underlying operational performance and trends and may facilitate comparisons with the performance of other companies in the medical technologies industry.

As presented in the GAAP to Non-GAAP Reconciliations section below, our non-GAAP financial measures exclude the impact of certain charges or benefits that contribute to or reduce earnings and that may affect financial trends and include certain charges or","The following discussion and analysis provides information management believes to be relevant to understanding the financial condition and results of operations of the Company. The discussion focuses on our financial results for the fiscal year ended [DATE] (fiscal year [YEAR]) and the fiscal year ended [DATE] (fiscal year [YEAR]). A discussion on our results of operations for fiscal year [YEAR] as compared to the year ended [DATE] (fiscal year [YEAR]) is included in Part II, Item 7. ""Management's Discussion and Analysis of Financial Condition and Results of Operations"" of our Annual Report on Form 10-K for the year ended [DATE], filed with the SEC on [DATE], and is incorporated by reference into this Form 10-K. You should read this discussion and analysis along with our consolidated financial statements and related notes thereto at [DATE] and [DATE] and for fiscal years [YEAR], [YEAR], and [YEAR], which are presented within ""Item 8. Financial Statements and Supplementary Data"" in this Annual Report on Form 10-K. Amounts reported in millions within this annual report are computed based on the amounts in thousands, and therefore, the sum of the components may not equal the total amount reported in millions due to rounding. Additionally, certain columns and rows within tables may not sum due to rounding.

Throughout this Management’s Discussion and Analysis, we present certain financial measures that facilitate management's review of the operational performance of the Company and as a basis for strategic planning; however, such financial measures are not presented in our financial statements prepared in accordance with accounting principles generally accepted in the United States (U.S.) (U.S. GAAP). These financial measures are considered ""non-GAAP financial measures"" and are intended to supplement, and should not be considered as superior to, financial measures presented in accordance with U.S. GAAP. We believe that non-GAAP financial measures provide information useful to investors in understanding the Company's underlying operational performance and trends and may facilitate comparisons with the performance of other companies in the medical technologies industry.

As presented in the GAAP to Non-GAAP Reconciliations section below, our non-GAAP financial measures exclude the impact of certain charges or benefits that contribute to or reduce earnings and that may affect financial trends and include certain charges or",0,0,7,0,0,0,0,7,0,0,0
0001628280-23-004287,"GARDNER DENVER HOLDINGS, INC.; Ingersoll Rand Inc.","The following discussion contains management’s discussion and analysis of our financial condition and results of operations and should be read together with our audited consolidated financial statements and related notes to our consolidated financial statements included elsewhere in this Form 10-K. This discussion contains forward-looking statements and involves numerous risks and uncertainties. Our actual results may differ materially from those anticipated in any forward-looking statements as a result of many factors, including those set forth under the “Special Note Regarding Forward-Looking Statements,” “Item 1A. Risk Factors” and elsewhere in this Form 10-K.

Ingersoll Rand is a global market leader with a broad range of innovative and mission-critical air, fluid, energy and medical technologies, providing services and solutions to increase industrial productivity and efficiency. We manufacture one of the broadest and most complete ranges of compressor, pump, vacuum and blower products in our markets, which, when combined with our global geographic footprint and application expertise, allows us to provide differentiated product and service offerings to our customers. Our products are sold under a collection of premier, market-leading brands, including Ingersoll Rand, Gardner Denver, Nash, CompAir, Thomas, Milton Roy, Seepex, Elmo Rietschle, ARO, Robuschi, Emco Wheaton and Runtech Systems, which we believe are globally recognized in their respective end-markets and known for product quality, reliability, efficiency and superior customer service.

These attributes, along with over 160 years of engineering heritage, generate strong brand loyalty for our products and foster long-standing customer relationships, which we believe have resulted in leading market positions within each of our operating segments. We have sales in all major geographic markets and our diverse customer base utilizes our products across a wide array of end-markets that have favorable near- and long-term growth prospects, including industrial manufacturing, energy, transportation, medical and laboratory sciences, food and beverage packaging and chemical processing.

Our financial results closely follow changes in the industries and end-markets we serve. Demand for most of our products depends on the level of new capital investment and planned and unplanned maintenance expenditures by our customers. The level of capital expenditures depends, in turn, on the general economic conditions as well as access to capital at reasonable cost. In particular, demand for our Industrial Technologies and Services products generally correlates with the rate of total industrial capacity utilization and the rate of change of industrial production. Capacity utilization rates above 80% have historically indicated a strong demand environment for","The following discussion contains management’s discussion and analysis of our financial condition and results of operations and should be read together with our audited consolidated financial statements and related notes to our consolidated financial statements included elsewhere in this Form 10-K. This discussion contains forward-looking statements and involves numerous risks and uncertainties. Our actual results may differ materially from those anticipated in any forward-looking statements as a result of many factors, including those set forth under the “Special Note Regarding Forward-Looking Statements,” “Item 1A. Risk Factors” and elsewhere in this Form 10-K.

[COMPANY] is a global market leader with a broad range of innovative and mission-critical air, fluid, energy and medical technologies, providing services and solutions to increase industrial productivity and efficiency. We manufacture one of the broadest and most complete ranges of compressor, pump, vacuum and blower products in our markets, which, when combined with our global geographic footprint and application expertise, allows us to provide differentiated product and service offerings to our customers. Our products are sold under a collection of premier, market-leading brands, including [COMPANY], [COMPANY], Nash, [ORGANIZATION], [PERSON], [PERSON], [NAME], [PERSON], [ORGANIZATION], [ORGANIZATION] and [ORGANIZATION], which we believe are globally recognized in their respective end-markets and known for product quality, reliability, efficiency and superior customer service.

These attributes, along with over 160 years of engineering heritage, generate strong brand loyalty for our products and foster long-standing customer relationships, which we believe have resulted in leading market positions within each of our operating segments. We have sales in all major geographic markets and our diverse customer base utilizes our products across a wide array of end-markets that have favorable near- and long-term growth prospects, including industrial manufacturing, energy, transportation, medical and laboratory sciences, food and beverage packaging and chemical processing.

Our financial results closely follow changes in the industries and end-markets we serve. Demand for most of our products depends on the level of new capital investment and planned and unplanned maintenance expenditures by our customers. The level of capital expenditures depends, in turn, on the general economic conditions as well as access to capital at reasonable cost. In particular, demand for our Industrial Technologies and Services products generally correlates with the rate of total industrial capacity utilization and the rate of change of industrial production. Capacity utilization rates above 80% have historically indicated a strong demand environment for",3,0,0,3,0,4,1,0,0,0,0
0001628280-24-045719,FAIR ISAAC CORP,"Management regards ACV Bookings as an important indicator of future revenues, but it is not comparable to, nor is it a substitute for, an analysis of our revenues and other U.S. generally accepted accounting principles (“U.S. GAAP”) measures. We define ACV Bookings as the average annualized value of software contracts signed in the current reporting period that generate current and future on-premises and SaaS software revenue. We only include contracts with an initial term of at least 24 months and we exclude perpetual licenses and other software revenues that are non-recurring in nature. For renewals of existing software subscription contracts, we count only incremental annual revenue expected over the current contract as ACV Bookings.

ACV Bookings is calculated by dividing the total expected contract value by the contract term in years. The expected contract value equals the fixed amount — including guaranteed minimums, if any — stated in the contract, plus estimates of future usage-based fees. We develop estimates from discussions with our customers and examinations of historical data from similar products and customer arrangements. Differences between estimates and actual results occur due to variability in the estimated usage. This variability can be the result of the economic trends in our customers’ industries, individual performance of our customers relative to their competitors, and regulatory and other factors that affect the business environment in which our customers operate. For the periods presented, ACV Bookings related to estimates of future usage-based fees was approximately 30% of the total ACV Bookings amount on an annualized basis. Differences between the initial estimates of future usage-based fees and actual results historically have not been material and we do not currently expect that they will be materially different in the future.

We disclose estimated revenue expected to be recognized in the future related to remaining performance obligations in Note 9 to the accompanying consolidated financial statements. However, we believe ACV Bookings is a useful supplemental measure of our business as it includes estimated revenues and future billings excluded from Note 9, such as usage-based fees and guaranteed minimums derived from our on-premises software licenses, among others.

Accounting Standards Codification Topic 606, Revenue from Contracts with Customers, requires us to recognize a significant portion of revenue from our on-premises software subscriptions at the point in time when the software is first made available to the customer, or at the beginning of the subscription term, despite the fact that our contracts typically call for billing these amounts ratably over the life of the subscription.","Management regards [ORGANIZATION] as an important indicator of future revenues, but it is not comparable to, nor is it a substitute for, an analysis of our revenues and other U.S. generally accepted accounting principles (“U.S. GAAP”) measures. We define [ORGANIZATION] as the average annualized value of software contracts signed in the current reporting period that generate current and future on-premises and SaaS software revenue. We only include contracts with an initial term of at least 24 months and we exclude perpetual licenses and other software revenues that are non-recurring in nature. For renewals of existing software subscription contracts, we count only incremental annual revenue expected over the current contract as [ORGANIZATION].

[ORGANIZATION] is calculated by dividing the total expected contract value by the contract term in years. The expected contract value equals the fixed amount — including guaranteed minimums, if any — stated in the contract, plus estimates of future usage-based fees. We develop estimates from discussions with our customers and examinations of historical data from similar products and customer arrangements. Differences between estimates and actual results occur due to variability in the estimated usage. This variability can be the result of the economic trends in our customers’ industries, individual performance of our customers relative to their competitors, and regulatory and other factors that affect the business environment in which our customers operate. For the periods presented, [ORGANIZATION] related to estimates of future usage-based fees was approximately 30% of the total [ORGANIZATION] amount on an annualized basis. Differences between the initial estimates of future usage-based fees and actual results historically have not been material and we do not currently expect that they will be materially different in the future.

We disclose estimated revenue expected to be recognized in the future related to remaining performance obligations in Note 9 to the accompanying consolidated financial statements. However, we believe [ORGANIZATION] is a useful supplemental measure of our business as it includes estimated revenues and future billings excluded from Note 9, such as usage-based fees and guaranteed minimums derived from our on-premises software licenses, among others.

Accounting Standards Codification Topic 606, Revenue from Contracts with Customers, requires us to recognize a significant portion of revenue from our on-premises software subscriptions at the point in time when the software is first made available to the customer, or at the beginning of the subscription term, despite the fact that our contracts typically call for billing these amounts ratably over the life of the subscription.",0,0,0,0,0,7,0,0,0,0,0
0001744489-21-000220,Walt Disney Co,"The Company has significantly increased its focus on distribution of branded film and episodic content via our own DTC streaming services. As a result, we are forgoing certain licensing revenue from the sale of this content to third parties in TV/SVOD markets. We also expect to forgo revenue as we shut down channels in certain markets as a result of investment in our DTC offerings. In addition, we are increasing programming and production investments to create exclusive content for our DTC offerings.

The Company evaluates the performance of its operating segments based on segment operating income, and management uses total segment operating income as a measure of the overall performance of the operating businesses. Total segment operating income is not a financial measure defined by GAAP, should be reviewed in conjunction with the relevant GAAP financial measure and may not be comparable to similarly titled measures reported by other companies. The Company believes that information about total segment operating income assists investors by allowing them to evaluate changes in the operating results of the Company’s portfolio of businesses separate from factors other than business operations that affect net income.

The Company currently expects its fiscal 2022 spend on produced and licensed content, including sports rights, to be as much as approximately $33 billion, or approximately $8 billion more than fiscal 2021 spend of $25 billion. The increase is driven by higher spend to support our DTC expansion and generally assumes no significant disruptions to production due to COVID-19. See Note 15 to the Consolidated Financial Statements for information regarding the Company’s contractual commitments to acquire sports and broadcast programming.

The Company currently expects its fiscal 2022 capital expenditures will be approximately $6.1 billion compared to fiscal 2021 capital expenditures of $3.6 billion. The increase in capital expenditures is due to higher spending on cruise ship fleet expansion, Corporate facilities and production facilities and technology at the DMED segment.

We believe that the Company’s financial condition remains strong and that its cash balances, other liquid assets, operating cash flows, access to debt and equity capital markets and borrowing capacity under current bank facilities, taken together, provide adequate resources to fund ongoing operating requirements and upcoming debt maturities as well as future capital expenditures related to the expansion of existing businesses and development of new projects, although certain of these activities have been scaled back or suspended in light of COVID-19. Depending on the unknowable duration and severity of the future impacts of COVID-19 and its variants, the Company may take additional mitigating actions in the future such as","The Company has significantly increased its focus on distribution of branded film and episodic content via our own [ORGANIZATION] streaming services. As a result, we are forgoing certain licensing revenue from the sale of this content to third parties in TV/[NAME] markets. We also expect to forgo revenue as we shut down channels in certain markets as a result of investment in our [ORGANIZATION] offerings. In addition, we are increasing programming and production investments to create exclusive content for our [ORGANIZATION] offerings.

The Company evaluates the performance of its operating segments based on segment operating income, and management uses total segment operating income as a measure of the overall performance of the operating businesses. Total segment operating income is not a financial measure defined by GAAP, should be reviewed in conjunction with the relevant GAAP financial measure and may not be comparable to similarly titled measures reported by other companies. The Company believes that information about total segment operating income assists investors by allowing them to evaluate changes in the operating results of the Company’s portfolio of businesses separate from factors other than business operations that affect net income.

The Company currently expects its fiscal [YEAR] spend on produced and licensed content, including sports rights, to be as much as approximately $33 billion, or approximately $8 billion more than fiscal [YEAR] spend of $25 billion. The increase is driven by higher spend to support our [ORGANIZATION] expansion and generally assumes no significant disruptions to production due to COVID-19. See Note 15 to the Consolidated Financial Statements for information regarding the Company’s contractual commitments to acquire sports and broadcast programming.

The Company currently expects its fiscal [YEAR] capital expenditures will be approximately $6.1 billion compared to fiscal [YEAR] capital expenditures of $3.6 billion. The increase in capital expenditures is due to higher spending on cruise ship fleet expansion, Corporate facilities and production facilities and technology at the [NAME] segment.

We believe that the Company’s financial condition remains strong and that its cash balances, other liquid assets, operating cash flows, access to debt and equity capital markets and borrowing capacity under current bank facilities, taken together, provide adequate resources to fund ongoing operating requirements and upcoming debt maturities as well as future capital expenditures related to the expansion of existing businesses and development of new projects, although certain of these activities have been scaled back or suspended in light of COVID-19. Depending on the unknowable duration and severity of the future impacts of COVID-19 and its variants, the Company may take additional mitigating actions in the future such as",0,0,0,0,0,4,2,4,0,0,0
0001755672-23-000005,"Corteva, Inc.","This report contains certain estimates and forward-looking statements within the meaning of Section 21E of the Securities Exchange Act of 1934, as amended, and Section 27A of the Securities Act of 1933, as amended, which are intended to be covered by the safe harbor provisions for forward-looking statements contained in the Private Securities Litigation Reform Act of 1995, and may be identified by their use of words like “plans,” “expects,” “will,” “anticipates,” “believes,” “intends,” “projects,” “estimates,” “outlook,” or other words of similar meaning. All statements that address expectations or projections about the future, including statements about Corteva’s financial results or outlook; strategy for growth; product development; regulatory approvals; market position; capital allocation strategy; liquidity; environmental, social and governance (“ESG”) targets and initiatives; the anticipated benefits of acquisitions, restructuring actions, or cost savings initiatives; and the outcome of contingencies, such as litigation and environmental matters, are forward-looking statements.

Forward-looking statements and other estimates are based on certain assumptions and expectations of future events which may not be accurate or realized. Forward-looking statements and other estimates also involve risks and uncertainties, many of which are beyond Corteva’s control. While the list of factors presented below is considered representative, no such list should be considered to be a complete statement of all potential risks and uncertainties. Unlisted factors may present significant additional obstacles to the realization of forward-looking statements. Consequences of material differences in results as compared with those anticipated in the forward-looking statements could include, among other things, business disruption, operational problems, financial loss, legal liability to third parties and similar risks, any of which could have a material adverse effect on Corteva’s business, results of operations and financial condition. Some of the important factors that could cause Corteva’s actual results to differ materially from those projected in any such forward-looking statements include: (i) failure to successfully develop and commercialize Corteva’s pipeline; (ii) failure to obtain or maintain the necessary regulatory approvals for some of Corteva’s products; (iii) effect of the degree of public understanding and acceptance or perceived public acceptance of Corteva’s biotechnology and other agricultural products; (iv) effect of changes in agricultural and related policies of governments and international organizations; (v) costs of complying with evolving regulatory requirements and the effect of actual or alleged violations of environmental laws or permit requirements;","This report contains certain estimates and forward-looking statements within the meaning of Section 21E of the Securities Exchange Act of 1934, as amended, and Section 27A of the Securities Act of 1933, as amended, which are intended to be covered by the safe harbor provisions for forward-looking statements contained in the Private Securities Litigation Reform Act of [YEAR], and may be identified by their use of words like “plans,” “expects,” “will,” “anticipates,” “believes,” “intends,” “projects,” “estimates,” “outlook,” or other words of similar meaning. All statements that address expectations or projections about the future, including statements about [COMPANY]’s financial results or outlook; strategy for growth; product development; regulatory approvals; market position; capital allocation strategy; liquidity; environmental, social and governance (“ESG”) targets and initiatives; the anticipated benefits of acquisitions, restructuring actions, or cost savings initiatives; and the outcome of contingencies, such as litigation and environmental matters, are forward-looking statements.

Forward-looking statements and other estimates are based on certain assumptions and expectations of future events which may not be accurate or realized. Forward-looking statements and other estimates also involve risks and uncertainties, many of which are beyond [COMPANY]’s control. While the list of factors presented below is considered representative, no such list should be considered to be a complete statement of all potential risks and uncertainties. Unlisted factors may present significant additional obstacles to the realization of forward-looking statements. Consequences of material differences in results as compared with those anticipated in the forward-looking statements could include, among other things, business disruption, operational problems, financial loss, legal liability to third parties and similar risks, any of which could have a material adverse effect on [COMPANY]’s business, results of operations and financial condition. Some of the important factors that could cause [COMPANY]’s actual results to differ materially from those projected in any such forward-looking statements include: (i) failure to successfully develop and commercialize [COMPANY]’s pipeline; (ii) failure to obtain or maintain the necessary regulatory approvals for some of [COMPANY]’s products; (iii) effect of the degree of public understanding and acceptance or perceived public acceptance of [COMPANY]’s biotechnology and other agricultural products; (iv) effect of changes in agricultural and related policies of governments and international organizations; (v) costs of complying with evolving regulatory requirements and the effect of actual or alleged violations of environmental laws or permit requirements;",7,0,0,0,0,0,0,1,0,0,0
