accession,company,status,tone,hedging,risk_severity,justification,excerpt_method,primary_doc_url
0000004127-23-000030,"SKYWORKS SOLUTIONS, INC.",valid,0.0,0.0,0.0,"The tone is neutral, as the language used is objective and factual. The hedging is typical, as the text uses phrases like 'we expect' and 'we anticipate' without strong language. The risk severity is moderate, as the text mentions potential risks such as declining average selling prices and uncertainties in revenue reserves, but these are framed as normal industry trends and management's estimates rather than catastrophic events.",forward_looking,https://www.sec.gov/Archives/edgar/data/4127/000000412723000030/swks-20230929.htm
0000004281-25-000011,Howmet Aerospace Inc.,valid,0.2,-0.1,0.3,"The tone is neutral with a slight positive bias due to the mention of 'solid growth' and 'strong position' in the commercial aerospace market. The hedging is minimal as the language is straightforward and confident. The risk severity is moderate to severe due to the mention of quality control issues, labor union work stoppage, and uncertainties in the market. The justification for these ratings is supported by the excerpt, which highlights both the positive outlook for the company's sales and the potential risks and challenges that may impact its financial performance.",forward_looking,https://www.sec.gov/Archives/edgar/data/4281/000000428125000011/hwm-20241231.htm
0000004962-21-000013,AMERICAN EXPRESS CO,valid,0.8,0.1,0.2,"The tone is very positive as the excerpt highlights the company's success in adapting to the pandemic, its commitment to customer service, and its initiatives to support communities. The hedging is light as the language is straightforward and confident. The risk_severity is moderate as the company mentions a decline in business volumes and an increase in provisions for credit losses, but these are partially offset by improved credit performance.",forward_looking,https://www.sec.gov/Archives/edgar/data/4962/000000496221000013/axp-20201231.htm
0000004962-23-000006,AMERICAN EXPRESS CO,valid,0.4,0.1,0.2,"The tone is positive, with phrases like 'strong growth', 'premium nature of our customer base', and 'supporting balance sheet growth'. The hedging is moderate, with phrases like 'we believe' and 'we expect'. The risk_severity is moderate, with mentions of 'provisions for credit losses' and 'delinquency and net write-off rates'.",forward_looking,https://www.sec.gov/Archives/edgar/data/4962/000000496223000006/axp-20221231.htm
0000006201-22-000026,American Airlines Group Inc.,valid,0.2,-0.1,0.3,"The tone is neutral to slightly positive due to the mention of a 'partial recovery' and 'improved revenues' in 2021. The hedging is moderate due to phrases like 'weaker than previous expectations' and 'uncertain', but the language is not overly cautious. The risk_severity is moderate to severe due to the ongoing impact of the pandemic and the potential for 'continuation or reimposition of restrictions' on global travel.",forward_looking,https://www.sec.gov/Archives/edgar/data/4515/000000620122000026/aal-20211231.htm
0000006201-23-000018,American Airlines Group Inc.,valid,0.0,0.0,0.0,"The tone is neutral as the language used is objective and matter-of-fact. The hedging is typical as the text does not contain explicit language of certainty or doubt. The risk_severity is moderate as the company acknowledges the uncertainty of certain estimates and assumptions, but does not indicate a high level of risk. The justification for these ratings is based on the excerpt's language and structure, which does not contain any overtly negative or positive language, nor does it indicate a high level of uncertainty or risk.",forward_looking,https://www.sec.gov/Archives/edgar/data/4515/000000620123000018/aal-20221231.htm
0000007084-22-000008,Archer-Daniels-Midland Co,valid,0.4,0.0,0.2,"The tone is positive due to the mention of 'expanding portfolio', 'sustainable ingredients', and 'stronger margins'. The hedging is typical as the language is straightforward and lacks explicit caveats. The risk_severity is moderate due to the mention of 'fluctuations in exchange rates' and 'negative timing effects', but these are not presented as major concerns.",forward_looking,https://www.sec.gov/Archives/edgar/data/7084/000000708422000008/adm-20211231.htm
0000008670-21-000027,AUTOMATIC DATA PROCESSING INC,valid,0.0,0.0,0.0,"The tone is neutral as the excerpt discusses forward-looking statements and risks in a matter-of-fact manner. The hedging is typical as the language is cautious but does not express strong certainty. The risk_severity is moderate as the excerpt mentions several potential risks, but they are not explicitly stated as severe.",forward_looking,https://www.sec.gov/Archives/edgar/data/8670/000000867021000027/adp-20210630.htm
0000008670-25-000037,AUTOMATIC DATA PROCESSING INC,valid,0.0,0.0,0.0,"The tone is neutral as the excerpt discusses forward-looking statements and risks without expressing a clear opinion or emotion. The hedging is typical as the language is cautious but does not contain strong language. The risk_severity is moderate as the excerpt mentions potential risks such as changes in technology, legislation, and market conditions, but does not indicate a high level of risk. The justification is based on the analysis of the language used in the excerpt.",forward_looking,https://www.sec.gov/Archives/edgar/data/8670/000000867025000037/adp-20250630.htm
0000011544-21-000013,BERKLEY W R CORP,invalid,,,,,forward_looking,https://www.sec.gov/Archives/edgar/data/11544/000001154421000013/wrb-20201231.htm
0000016918-22-000069,"CONSTELLATION BRANDS, INC.",valid,0.4,-0.2,0.5,"The tone is positive due to the mention of growth, expansion, and future growth expectations. The hedging is moderate as the company acknowledges potential risks but also expresses confidence in its ability to mitigate them. The risk severity is high due to the mention of inflation, changing prices, and potential reductions in discretionary income, which could have a significant impact on the business.",forward_looking,https://www.sec.gov/Archives/edgar/data/16918/000001691822000069/stz-20220228.htm
0000018230-20-000056,CATERPILLAR INC,valid,0.2,0.0,0.3,"The tone is neutral, as the language used is objective and factual. The hedging is 0, as the text does not contain any explicit hedging phrases. The risk_severity is 0.3, as the text mentions potential risks such as changes in dealer inventories, demand expectations, and delivery times, which could impact the business, but these risks are not explicitly stated as severe.",forward_looking,https://www.sec.gov/Archives/edgar/data/18230/000001823020000056/cat10-k12312019.htm
0000018230-25-000008,CATERPILLAR INC,valid,0.4,-0.2,0.5,"The tone is positive due to the use of words like 'remain', 'positive', and 'healthy'. The hedging is moderate as the language is cautious but not overly uncertain. The risk severity is high due to the mention of 'moderately lower sales', 'soft economic conditions', and 'decline' in certain regions.",forward_looking,https://www.sec.gov/Archives/edgar/data/18230/000001823025000008/cat-20241231.htm
0000021344-25-000011,COCA COLA CO,valid,0.4,0.1,0.2,"The tone is positive as the company expresses confidence in its ability to connect with consumers and create value for its stakeholders. The hedging is moderate as the company acknowledges the dynamic world it operates in but believes it is well-positioned. The risk severity is moderate as the company faces competition for talent and a shortage of qualified talent, but these risks are not described as severe. The company provides justification for its accounting policies and estimates, acknowledging the uncertainty of future conditions and the potential for impairment charges.",forward_looking,https://www.sec.gov/Archives/edgar/data/21344/000002134425000011/ko-20241231.htm
0000024545-23-000006,MOLSON COORS BEVERAGE CO,valid,-0.1,0.5,0.8,"The tone is generally neutral, with some negative comments about cost inflation and the Russia-Ukraine conflict. The hedging is moderate, with phrases like 'we expect' and 'we anticipate', but also phrases like 'out of an abundance of caution' and 'while not material to our Company'. The risk_severity is high, with the conflict having a significant impact on the company's net sales and cost of materials, transportation and energy.",forward_looking,https://www.sec.gov/Archives/edgar/data/24545/000002454523000006/tap-20221231.htm
0000024545-24-000005,MOLSON COORS BEVERAGE CO,valid,0.1,0.0,0.2,"The tone is generally neutral, with some negative comments about cost inflation and its impact on operations. The language is cautious but not alarmist. The hedging is typical, with some phrases like 'moderation in the second half of the year' and 'we expect inflationary pressures to moderate'. The risk severity is moderate, with some risks mentioned, such as cost inflation and potential volume declines, but no extreme language used.",forward_looking,https://www.sec.gov/Archives/edgar/data/24545/000002454524000005/tap-20231231.htm
0000026172-23-000005,CUMMINS INC,valid,0.1,0.0,0.2,"The tone is generally neutral, with some positive language (e.g., 'global pension plans were 120 percent funded'). The hedging is minimal, with no explicit caveats or uncertainties. The risk severity is moderate, with mentions of significant pension losses and tax implications, but no indication of catastrophic consequences.",forward_looking,https://www.sec.gov/Archives/edgar/data/26172/000002617223000005/cmi-20221231.htm
0000026172-25-000007,CUMMINS INC,valid,0.4,0.1,0.2,"The excerpt expresses a positive tone with phrases like 'strong', 'improve', and 'continue to', but also mentions losses and funding shortfalls. The hedging level is moderate, as the language is cautious but not overly uncertain. The risk severity is moderate, as the excerpt mentions losses and funding shortfalls, but does not indicate any severe risks to the business.",forward_looking,https://www.sec.gov/Archives/edgar/data/26172/000002617225000007/cmi-20241231.htm
0000027419-20-000008,TARGET CORP,valid,0.4,0.0,0.0,"The tone is positive, with phrases like 'steady stream of newness and exclusives' and 'become our largest owned brand'. The language is confident and optimistic, with no apparent hedging or negative commentary. The discussion of financial metrics like ROIC and comparable sales growth suggests a focus on long-term profitability, with no apparent risks or uncertainties mentioned.",forward_looking,https://www.sec.gov/Archives/edgar/data/27419/000002741920000008/tgt-20200201.htm
0000027904-20-000004,"DELTA AIR LINES, INC.",valid,0.2,0.0,0.1,"The tone is neutral, as the excerpt discusses various business conditions and expectations without expressing strong emotions. The hedging is typical, as the language is straightforward and lacks explicit caveats. The risk severity is minor, as the excerpt mentions potential risks but frames them as manageable, with the company expecting to meet its cash needs and utilize its tax credits.",forward_looking,https://www.sec.gov/Archives/edgar/data/27904/000002790420000004/dal-20191231.htm
0000031791-22-000003,PERKINELMER INC,valid,0.4,0.1,0.2,"The tone is positive due to the use of words like “believes” and “provides” which indicate confidence in the company’s strategic priorities. The hedging is moderate as the company acknowledges the possibility of actual results differing from forward-looking statements. The risk severity is moderate due to the mention of material differences in actual results, but the impact is not explicitly severe. The justification is based on the excerpt itself, where the company highlights its strategic priorities and financial strength as a foundation for continued growth.",forward_looking,https://www.sec.gov/Archives/edgar/data/31791/000003179122000003/pki-20220102.htm
0000032604-24-000041,EMERSON ELECTRIC CO,valid,0.0,0.0,0.0,"The tone is neutral as the excerpt discusses forward-looking statements and risks, but does not express a strong opinion. The hedging is typical as the company acknowledges the uncertainty of future results but does not provide a clear commitment. The risk_severity is moderate as the excerpt mentions risks and uncertainties, but does not indicate a severe threat to the business.",forward_looking,https://www.sec.gov/Archives/edgar/data/32604/000003260424000041/emr-20240930.htm
0000034088-25-000010,EXXON MOBIL CORP,valid,0.2,0.1,0.3,"The tone is neutral, as the excerpt discusses various plans and strategies without expressing strong emotions. The hedging is moderate, as the excerpt acknowledges the uncertainty of future policies and technology advancements. The risk severity is moderate to severe, as the excerpt highlights the challenges of achieving net-zero emissions by 2050 and the potential volatility of commodity prices.",forward_looking,https://www.sec.gov/Archives/edgar/data/34088/000003408825000010/xom-20241231.htm
0000037996-21-000012,FORD MOTOR CO,valid,0.0,0.0,0.0,"The tone is neutral as the excerpt discusses potential disruptions and challenges without expressing a strong emotion. The hedging is typical as the language is cautious and mentions 'may disrupt our production' and 'experienced production disruptions'. The risk_severity is moderate as the excerpt highlights a significant shortage of semiconductors, but the language is not alarmist. The justification is based on the analysis of the excerpt's language and tone, which does not convey a strong sense of urgency or alarm.",forward_looking,https://www.sec.gov/Archives/edgar/data/37996/000003799621000012/f-20201231.htm
0000038777-24-000206,FRANKLIN RESOURCES INC,valid,0.4,0.0,0.2,"The tone is positive as the company expresses confidence in meeting its cash needs and growing its business. The hedging is minimal as the language is straightforward and lacks caveats. The risk severity is moderate as the company mentions potential risks such as acquisition-related expenses and income taxes, but these are not framed as major concerns.",forward_looking,https://www.sec.gov/Archives/edgar/data/38777/000003877724000206/ben-20240930.htm
0000039911-19-000023,GAP INC,valid,0.4,0.1,0.2,"The tone is positive as the company expresses confidence in its restructuring plans and expects to drive a healthier specialty fleet and brand revitalization. The hedging is moderate as the company provides estimates and expectations, but also mentions 'we work through the plan for separation', indicating some uncertainty. The risk_severity is moderate as the company expects significant costs and sales losses, but frames them as opportunities for growth and efficiency improvements.",forward_looking,https://www.sec.gov/Archives/edgar/data/39911/000003991119000023/fy201810-k.htm
0000040533-23-000014,GENERAL DYNAMICS CORP,valid,0.8,0.0,0.2,"The tone is very positive due to the use of words like 'long-term growth', 'successful contract execution', and 'steady revenue growth'. The excerpt does not contain any negative language or phrases. The hedging is minimal as the language is direct and confident. The risk_severity is moderate due to the mention of 'funding priorities' and 'supply chain challenges', but these risks are not highlighted as major concerns.",forward_looking,https://www.sec.gov/Archives/edgar/data/40533/000004053323000014/gd-20221231.htm
0000040987-20-000010,GENUINE PARTS CO,valid,0.4,0.1,0.2,"The tone is positive due to the mention of 'continuous operating margin improvement', 'significant cost savings', and 'sustainable long-term growth'. The hedging is minimal as the language is straightforward and lacks caveats. The risk_severity is moderate due to the mention of restructuring actions and workforce reductions, but the overall impact is expected to be positive.",forward_looking,https://www.sec.gov/Archives/edgar/data/40987/000004098720000010/gpc-12312019x10k.htm
0000040987-25-000026,GENUINE PARTS CO,valid,0.0,0.0,0.0,"The tone is neutral as the excerpt discusses various financial metrics and their uses without expressing a clear opinion or emotion. The hedging is typical as the excerpt mentions forward-looking statements and non-recurring charges, but does not express excessive uncertainty. The risk_severity is moderate as the excerpt discusses various financial risks and their implications, but does not indicate severe risks to the business.",forward_looking,https://www.sec.gov/Archives/edgar/data/40987/000004098725000026/gpc-20241231.htm
0000045012-25-000010,HALLIBURTON CO,valid,0.2,0.0,0.1,"The tone is neutral, as the language used is matter-of-fact and objective. The text does not contain any strongly positive or negative language. The hedging is minimal, as the text does not contain any explicit caveats or uncertainties. The risk severity is low, as the text mentions potential risks but frames them as manageable through cost mitigation and capital discipline.",forward_looking,https://www.sec.gov/Archives/edgar/data/45012/000004501225000010/hal-20241231.htm
0000046080-20-000028,"HASBRO, INC.",valid,0.0,0.0,0.0,"The tone is neutral as the excerpt discusses various financial and operational topics without expressing a strong opinion or emotion. The hedging is typical as the excerpt mentions uncertainties and risks associated with forward-looking statements, but does not express excessive caution. The risk severity is moderate as the excerpt mentions significant events such as the Toys“R”Us bankruptcy and U.S. tax reform, but also notes that these are beyond the company's control. The justification for these ratings is based on the language and content of the excerpt, which is formal and objective in tone.",forward_looking,https://www.sec.gov/Archives/edgar/data/46080/000004608020000028/has-20191229x10k.htm
0000046080-23-000017,"HASBRO, INC.",valid,0.4,0.0,0.1,"The tone is generally positive, with phrases like 'generates revenue and earns cash' and 'focusing on fewer, bigger brands'. The hedging is minimal, with no explicit language of uncertainty or doubt. The risk severity is low, with the discussion of foreign currency exchange rates and product development expenses, but these are framed as quantifiable and controllable factors.",forward_looking,https://www.sec.gov/Archives/edgar/data/46080/000004608023000017/has-20221225.htm
0000049071-25-000007,HUMANA INC,valid,0.4,0.1,0.2,"The tone is positive, with phrases like 'affordable health care', 'positive consumer experience', and 'quality care'. The hedging is minimal, with no explicit caveats or uncertainties. The risk-severity is moderate, with mentions of exit from a business and impact of external factors like COVID-19 and the Inflation Reduction Act.",forward_looking,https://www.sec.gov/Archives/edgar/data/49071/000004907125000007/hum-20241231.htm
0000051434-25-000013,INTERNATIONAL PAPER CO /NEW/,valid,0.8,0.1,0.2,"The tone is very positive as the company expresses confidence in its strategy and growth prospects. The hedging is moderate as the company mentions some challenges, but frames them as opportunities for improvement. The risk severity is moderate as the company faces some cost reduction challenges, but frames them as opportunities for improvement. The company provides specific examples of cost reductions and growth initiatives, demonstrating a clear direction and confidence in its strategy.",forward_looking,https://www.sec.gov/Archives/edgar/data/51434/000005143425000013/ip-20241231.htm
0000055785-20-000016,KIMBERLY CLARK CORP,valid,0.0,0.0,0.0,"The tone is neutral as the language used is informative and objective. The hedging is typical as the text does not contain explicit language to mitigate or downplay risks. The risk_severity is moderate as the company discusses potential losses under operating leases and unconditional purchase obligations, but notes that these exposure is not material.",forward_looking,https://www.sec.gov/Archives/edgar/data/55785/000005578520000016/kmb2019form10k.htm
0000055785-23-000012,KIMBERLY CLARK CORP,valid,0.0,0.0,0.0,"The tone is neutral as the language used is objective and informative. The hedging is typical as the text does not contain any strong language or absolute statements. The risk_severity is moderate as the text mentions potential risks such as increased competition and market pressures, but these are framed as expected trends rather than catastrophic events.",forward_looking,https://www.sec.gov/Archives/edgar/data/55785/000005578523000012/kmb-20221231.htm
0000062996-19-000011,MASCO CORP /DE/,valid,0.0,0.0,0.0,"The tone is neutral as the language used is formal and objective. The hedging is typical as the text acknowledges the uncertainty of forward-looking statements without expressing excessive caution. The risk-severity is moderate as the text mentions various factors that could impact the company's performance, but does not indicate severe risks.",forward_looking,https://www.sec.gov/Archives/edgar/data/62996/000006299619000011/mas_20181231x10k.htm
0000063754-19-000017,MCCORMICK & CO INC,valid,0.0,0.0,0.0,"The tone is neutral as the excerpt provides a straightforward and informative overview of the company's business environment and growth prospects. The language is typical and lacks strong positive or negative sentiment. The hedging is minimal, with no apparent attempts to downplay risks or uncertainties. The risk severity is low, as the excerpt discusses expected sales growth and cash flow without mentioning any significant threats to the business.",forward_looking,https://www.sec.gov/Archives/edgar/data/63754/000006375419000017/mkc-11302018x10kxq42018.htm
0000064803-21-000011,CVS HEALTH Corp,valid,0.8,-0.8,0.8,"The tone is very positive as the excerpt highlights the company's innovative health care model, access to quality care, and ability to adapt to the COVID-19 pandemic. The hedging is heavily hedged and uncertain due to the company's acknowledgment of the pandemic's impact on their businesses and financial condition. The risk_severity is severe due to the company's reliance on the pandemic's impact on their businesses and financial condition.",forward_looking,https://www.sec.gov/Archives/edgar/data/64803/000006480321000011/cvs-20201231.htm
0000066740-24-000016,3M CO,valid,0.8,0.0,0.2,"The tone is very positive as the excerpt highlights the company's progress on a spin-off, its growth plans, and the creation of two world-class public companies. The language used is optimistic and forward-looking. The risk_severity is moderate as the excerpt mentions a transaction subject to customary conditions, but the overall tone suggests a high level of confidence. The hedging is minimal as the excerpt does not contain any explicit caveats or uncertainties.",forward_looking,https://www.sec.gov/Archives/edgar/data/66740/000006674024000016/mmm-20231231.htm
0000076334-19-000096,PARKER HANNIFIN CORP,valid,0.0,0.0,0.0,"The tone is neutral, as the language used is formal and objective. The hedging is typical, as the excerpt acknowledges uncertainties and risks but does not express extreme caution. The risk severity is moderate, as the excerpt mentions potential material differences in performance and earnings projections, but does not indicate catastrophic consequences. The language used to describe the Company's outlook and market trends is cautious but does not express extreme uncertainty.",forward_looking,https://www.sec.gov/Archives/edgar/data/76334/000007633419000096/ph630201910-k.htm
0000077476-24-000008,PEPSICO INC,valid,0.4,-0.2,0.1,"The tone is positive as the excerpt mentions long-term sustainable growth and the company's ability to adapt to changes in the retail landscape. The hedging is moderate as the company acknowledges potential risks, but also expresses confidence in its ability to mitigate them. The risk severity is low as the company views the risks as manageable and is actively working to address them.",forward_looking,https://www.sec.gov/Archives/edgar/data/77476/000007747624000008/pep-20231230.htm
0000079879-24-000040,PPG INDUSTRIES INC,valid,0.2,0.0,0.3,"The tone is neutral, as the language is objective and factual. The hedging is typical, as the text does not contain strong language or absolute statements. The risk_severity is moderate to severe, as the text mentions potential increases in costs and economic uncertainty, but also notes expected improvements in manufacturing efficiencies and demand growth in certain regions.",forward_looking,https://www.sec.gov/Archives/edgar/data/79879/000007987924000040/ppg-20231231.htm
0000080424-22-000064,PROCTER & GAMBLE Co,valid,0.0,0.0,0.0,"The tone is neutral as the excerpt discusses forward-looking statements and risks in a factual manner. The hedging is typical as the language is cautious but does not express strong certainty. The risk_severity is moderate as the excerpt mentions various risks, including economic volatility, disruptions in credit markets, and natural disasters, but does not indicate catastrophic consequences.",forward_looking,https://www.sec.gov/Archives/edgar/data/80424/000008042422000064/pg-20220630.htm
0000089800-20-000005,SHERWIN WILLIAMS CO,valid,0.2,0.1,0.3,"The tone is neutral, as the language used is factual and objective. The hedging is moderate, as the text acknowledges uncertainties and contingencies, but does not express extreme caution. The risk severity is moderate to severe, as the project involves significant investments and uncertainties, but the company does not express extreme concern.",forward_looking,https://www.sec.gov/Archives/edgar/data/89800/000008980020000005/shw-12312019x10k.htm
0000089800-22-000007,SHERWIN WILLIAMS CO,valid,0.8,-0.2,0.2,"The tone is very positive due to phrases like 'we have confidence in our long-term outlook' and 'we expect raw material costs will ultimately moderate'. The hedging is moderate due to phrases like 'despite the uncertainties' and 'we expect'. The risk_severity is moderate due to the mention of supply chain disruptions and raw material inflation, but the company's confidence in its long-term outlook suggests that these risks are being managed.",forward_looking,https://www.sec.gov/Archives/edgar/data/89800/000008980022000007/shw-20211231.htm
0000091419-24-000054,J M SMUCKER Co,valid,0.1,-0.5,0.2,"The tone is neutral, as the language is formal and objective. The hedging is evident in phrases like 'forward-looking statements that involve risks and uncertainties' and 'due to the unknown and potentially prolonged impact of the inflationary environment', indicating a cautious approach. The risk_severity is moderate, as the company acknowledges potential difficulties in achieving its long-term strategies, but does not express extreme concern. The justification for these ratings is based on the language used in the excerpt, which strikes a balance between optimism and caution.",forward_looking,https://www.sec.gov/Archives/edgar/data/91419/000009141924000054/sjm-20240430.htm
0000091440-19-000003,SNAP-ON Inc,valid,0.4,0.1,0.2,"The tone is positive, with words like 'commitment', 'repeatability', 'reliability', 'coherent growth', and 'value proposition' used to describe the company's strategy and strengths. The hedging is minimal, with phrases like 'subject to volatility' used to acknowledge potential risks. The risk severity is moderate, with the company discussing the potential consequences of failure in critical industries.",forward_looking,https://www.sec.gov/Archives/edgar/data/91440/000009144019000003/sna_fy18x10-kdocument.htm
0000096943-24-000036,TELEFLEX INC,valid,0.0,0.0,0.0,"The tone is neutral as the language is objective and matter-of-fact. The hedging is typical as the text uses phrases like 'we may decide not to proceed' and 'we do not believe a loss is either probable or estimable'. The risk_severity is moderate as the text mentions potential losses and charges, but also notes that a loss is not probable or estimable.",forward_looking,https://www.sec.gov/Archives/edgar/data/96943/000009694324000036/tfx-20231231.htm
0000096943-25-000031,TELEFLEX INC,valid,0.2,0.1,0.8,The tone is neutral with a slight positive bias due to the mention of 'largely in line with the forecast' and 'complement our interventional product portfolio'. The hedging is moderate as the language is cautious but not overly uncertain. The risk_severity is high due to the recognition of a non-cash impairment charge of $240 million and the anticipation of continued challenges in the short to mid-term.,forward_looking,https://www.sec.gov/Archives/edgar/data/96943/000009694325000031/tfx-20241231.htm
0000097476-20-000009,TEXAS INSTRUMENTS INC,valid,0.8,0.1,0.1,"The tone is very positive as the excerpt highlights the company's unique competitive advantages, growth opportunities, and long-term focus on maximizing shareholder value. The hedging is light as the language is confident and assertive, but not overly cautious. The risk_severity is low as the excerpt discusses general business risks and uncertainties, but does not indicate any severe or material risks to the business.",forward_looking,https://www.sec.gov/Archives/edgar/data/97476/000009747620000009/txn-20191231.htm
0000105770-20-000015,WEST PHARMACEUTICAL SERVICES INC,valid,0.0,0.0,0.0,"The tone is neutral as the excerpt provides a formal introduction and disclaimer. The hedging is typical as the language is cautious but does not express strong uncertainty. The risk_severity is moderate as the excerpt mentions potential risks and uncertainties, but the overall tone is not alarming. The language used to describe the company's focus on quality and commitment to excellence is also neutral and does not express strong positivity or negativity.",forward_looking,https://www.sec.gov/Archives/edgar/data/105770/000010577020000015/wst-20191231.htm
0000106040-20-000049,WESTERN DIGITAL CORP,valid,0.4,-0.2,0.1,"The tone is positive due to the mention of strong demand and growth in certain areas. The hedging is moderate as the company acknowledges potential softening in demand, but also expresses confidence in retail demand recovery. The risk severity is low as the company does not mention any severe risks to the business, but rather acknowledges uncertainty in the crisis duration.",forward_looking,https://www.sec.gov/Archives/edgar/data/106040/000010604020000049/wdc-20200703.htm
0000107263-19-000007,WILLIAMS COMPANIES INC,valid,0.2,0.0,0.0,"The tone is neutral as the excerpt discusses regulatory changes and their implications without expressing a strong opinion. The language is typical, with no strong hedging or certainty. The excerpt does not mention any significant risks to the business, indicating a moderate level of risk severity.",forward_looking,https://www.sec.gov/Archives/edgar/data/107263/000010726319000007/wmb_20181231x10k.htm
0000107263-25-000031,"WILLIAMS COMPANIES, INC.",valid,0.4,0.0,0.2,"The tone is positive, with words like 'maximize', 'reliable', 'clean', and 'attractive'. The hedging is minimal, with no phrases like 'we're not sure' or 'there's a chance'. The risk_severity is moderate, with mentions of 'expansion projects' and 'growth', but no explicit warnings or threats.",forward_looking,https://www.sec.gov/Archives/edgar/data/99250/000010726325000031/wmb-20241231.htm
0000107815-21-000079,"WEC ENERGY GROUP, INC.",valid,0.4,0.0,0.1,"The tone is positive as the company highlights its progress in retiring fossil-fueled plants and investing in renewable energy. The language is confident and definite, with phrases like 'We expect to retire' and 'We have received approval'. The risk severity is low as the company is focusing on replacing retired capacity with new, cleaner energy sources, rather than facing significant risks to its business.",forward_looking,https://www.sec.gov/Archives/edgar/data/783325/000010781521000079/wec-20201231.htm
0000200406-19-000009,JOHNSON & JOHNSON,valid,0.4,0.1,0.2,"The tone is positive as the excerpt highlights the company's plans to focus resources, increase investments, and drive growth. The hedging is moderate as the excerpt mentions ongoing discussions and consultation requirements, but does not express extreme uncertainty. The risk severity is moderate as the excerpt mentions significant restructuring charges and potential cash outlays, but does not indicate catastrophic consequences.",forward_looking,https://www.sec.gov/Archives/edgar/data/200406/000020040619000009/form10-k20181230.htm
0000277135-24-000011,"W.W. GRAINGER, INC.",valid,0.0,0.0,0.0,"The tone is neutral as the language used is informative and objective. The hedging is typical as the company explains its use of non-GAAP measures and provides reconciliations to GAAP measures. The risk severity is moderate as the company mentions divestitures and one-time items, but states that these do not expect to have a material effect on future results.",forward_looking,https://www.sec.gov/Archives/edgar/data/277135/000027713524000011/gww-20231231.htm
0000277948-22-000009,CSX CORP,valid,0.4,0.1,0.2,"The tone is positive due to the mention of 'safety, service, and controlling costs' and 'network fluidity to improve'. The hedging is minimal as the language is straightforward and confident. The risk_severity is moderate due to the mention of 'operating challenges' and 'supply disruptions', but the company's focus on 'safety, service, and controlling costs' suggests a proactive approach to mitigate these risks.",forward_looking,https://www.sec.gov/Archives/edgar/data/277948/000027794822000009/csx-20211231.htm
0000316709-24-000018,SCHWAB CHARLES CORP,valid,0.0,0.0,0.0,"The tone is neutral as the excerpt discusses forward-looking statements and their implications without expressing a clear opinion or emotion. The hedging is typical as the excerpt uses phrases like 'estimates based on the best judgment' and 'anticipate' to describe the forward-looking statements. The risk_severity is moderate as the excerpt mentions potential risks and challenges, such as deal-related asset attrition and capital management, but does not express alarm or concern.",forward_looking,https://www.sec.gov/Archives/edgar/data/316709/000031670924000018/schw-20231231.htm
0000320193-21-000105,Apple Inc.,valid,0.0,0.0,0.0,"The tone is neutral, as the language used is objective and matter-of-fact. The hedging level is 0, as the text does not contain any explicit caveats or uncertainties. The risk severity is 0, as the text discusses potential risks but does not indicate any severe or critical risks to the business.",forward_looking,https://www.sec.gov/Archives/edgar/data/320193/000032019321000105/aapl-20210925.htm
0000352541-21-000022,ALLIANT ENERGY CORP,valid,0.8,0.1,0.2,"The tone is very positive as the excerpt highlights the company's mission, strategy, and achievements. The hedging is minimal as the company expresses confidence in its ability to provide services and expects no material disruptions. The risk severity is moderate as the company mentions potential disruptions in materials and supplies, but notes that these are currently being monitored and do not expect a material impact on results.",forward_looking,https://www.sec.gov/Archives/edgar/data/52485/000035254121000022/lnt-20201231.htm
0000354950-19-000010,HOME DEPOT INC,valid,0.4,0.0,0.1,"The tone is positive due to the use of words like 'believe', 'meaningful', and 'sufficient'. The hedging is minimal as the language is straightforward and lacks caveats. The risk-severity is low as the company discusses its ability to manage its capital and liquidity, but does not express concern about potential risks.",forward_looking,https://www.sec.gov/Archives/edgar/data/354950/000035495019000010/hd_10kx02032019.htm
0000712515-22-000011,ELECTRONIC ARTS INC.,valid,0.8,0.0,0.0,"The tone is very positive as the excerpt highlights the company's leadership in digital interactive entertainment and its focus on creating innovative games and content. The language used is optimistic and forward-looking, with phrases such as 'global leader', 'build on-going and meaningful relationships', and 'add value to our network'. The excerpt does not contain any hedging language or warnings about potential risks, indicating a confident and definite tone. The risk severity is 0 as there is no mention of any significant risks to the business. The justification for the tone rating is based on the language used in the excerpt, which is generally positive and forward-looking.",forward_looking,https://www.sec.gov/Archives/edgar/data/712515/000071251522000011/ea-20220331.htm
0000712515-24-000023,ELECTRONIC ARTS INC.,valid,0.4,0.0,0.0,"The tone is positive as the excerpt highlights the company's success in providing high-quality experiences and expects live services net revenue to continue being material to the business. The hedging is minimal as the language is straightforward and confident. The risk severity is low as the excerpt discusses trends and drivers affecting the business, but does not mention any severe risks. The justification is based on the excerpt itself, where the company's success and expectations are explicitly stated.",forward_looking,https://www.sec.gov/Archives/edgar/data/712515/000071251524000023/ea-20240331.htm
0000723254-25-000017,CINTAS CORP,valid,0.4,0.0,0.1,The tone is positive as the company aims to exceed customer expectations and maximize long-term value. The hedging is minimal as the company expresses confidence in its liquidity and access to financing markets. The risk severity is low as the company expects sufficient liquidity and does not anticipate difficulty in obtaining financing.,forward_looking,https://www.sec.gov/Archives/edgar/data/723254/000072325425000017/ctas-20250531.htm
0000732717-21-000012,AT&T INC.,valid,0.2,0.1,0.3,"The tone is neutral, as the language is objective and matter-of-fact. The hedging is moderate, as the text acknowledges uncertainties but does not provide a clear prediction. The risk_severity is high, as the text mentions the pandemic and its effects on the business, indicating significant risks to operations and cash flows.",forward_looking,https://www.sec.gov/Archives/edgar/data/732717/000073271721000012/t-20201231.htm
0000759944-22-000025,CITIZENS FINANCIAL GROUP INC/RI,valid,0.8,0.1,0.2,"The tone is very positive as the excerpt highlights the acquisition of Investors, enhancing Citizens' banking franchise and adding an attractive customer base. The language used is optimistic, with phrases like 'enhances Citizens' banking franchise' and 'strong credit performance'. The hedging is minimal, with no explicit caveats or uncertainties. The risk-severity is moderate, with mentions of regulatory approvals and economic recovery, but these are framed as expected outcomes rather than major risks. The justification of the ratings is based on the language and tone used in the excerpt, which is overwhelmingly positive and confident.",forward_looking,https://www.sec.gov/Archives/edgar/data/759944/000075994422000025/cfg-20211231.htm
0000764478-19-000009,BEST BUY CO INC,valid,0.0,0.0,0.0,The tone is neutral as the language is informative and objective. The hedging is typical as the text does not contain any strong language or absolute statements. The risk_severity is moderate as the text mentions potential risks (e.g. fluctuations in currency rates) but does not indicate any severe risks to the business.,forward_looking,https://www.sec.gov/Archives/edgar/data/764478/000076447819000009/bby-2019x10k.htm
0000764622-23-000023,PINNACLE WEST CAPITAL CORP,valid,0.0,0.0,0.0,"The tone is neutral as the excerpt discusses various topics such as tax credits, legislative provisions, and supply chain pressures without expressing a clear opinion or emotion. The hedging is typical as the excerpt mentions potential risks and uncertainties, but also provides reassurance about the company's position. The risk severity is moderate as the excerpt mentions significant risks such as COVID-19, natural disasters, and global supply chain disruptions, but also notes that the company has taken steps to mitigate these risks.",forward_looking,https://www.sec.gov/Archives/edgar/data/7286/000076462223000023/pnw-20221231.htm
0000766704-21-000018,WELLTOWER INC.,valid,0.2,0.1,0.3,"The tone is neutral, as the language is objective and matter-of-fact. The hedging is moderate, as the text acknowledges the uncertainty of the pandemic's impact but also notes that collection rates have been consistent with historical levels. The risk severity is moderate to high, as the text highlights the potential for reduced revenue and increased uncollectible receivables, but also notes that liquidity is sufficient to fund uses of cash.",forward_looking,https://www.sec.gov/Archives/edgar/data/766704/000076670421000018/well-20201231.htm
0000773840-23-000013,HONEYWELL INTERNATIONAL INC,valid,0.0,0.0,0.0,"The tone is neutral as the excerpt discusses various challenges and mitigation strategies without expressing a strong emotion. The hedging is typical as the company does not provide a clear stance on the impact of the Inflation Reduction Act. The risk_severity is moderate as the company acknowledges supply chain constraints and inflationary environment, but does not indicate severe risks to the business.",forward_looking,https://www.sec.gov/Archives/edgar/data/773840/000077384023000013/hon-20221231.htm
0000788784-19-000005,PUBLIC SERVICE ENTERPRISE GROUP INC,valid,0.4,0.1,0.2,"The tone is positive as the excerpt highlights the company's focus on enhancing system reliability and resiliency, meeting customer expectations, and supporting public policy objectives. The hedging is minimal as the excerpt does not contain any explicit caveats or uncertainties. The risk severity is moderate as the company discusses potential risks and uncertainties, but the tone suggests that these risks are being actively managed.",forward_looking,https://www.sec.gov/Archives/edgar/data/81033/000078878419000005/pseg201810k.htm
0000798354-23-000004,FISERV INC,valid,0.4,0.0,0.2,"The tone is positive, with phrases like 'compelling value propositions', 'solid foundation for growth', and 'long term benefits'. The hedging is minimal, with no explicit language of uncertainty or doubt. The risk severity is moderate, with mentions of 'intensifying competition', 'rapidly advancing technologies', and 'rapidly evolving environment', but these risks are framed as opportunities rather than threats.",forward_looking,https://www.sec.gov/Archives/edgar/data/798354/000079835423000004/fisv-20221231.htm
0000798354-24-000037,FISERV INC,valid,0.4,0.0,0.2,"The tone is positive, with phrases like 'enhance operational performance', 'compelling strategic need', and 'create compelling value propositions'. The hedging is minimal, with no apparent attempts to downplay risks. The risk severity is moderate, with mentions of 'intensifying competition' and 'uncertainty' in the global payments landscape, but no explicit warnings of catastrophic consequences.",forward_looking,https://www.sec.gov/Archives/edgar/data/798354/000079835424000037/fi-20231231.htm
0000804328-25-000085,QUALCOMM INC/DE,valid,-0.4,-0.8,0.9,The tone is negative due to the mention of a $5.7 billion charge and the impact of tax reform legislation. The hedging is heavily hedged and uncertain as the company no longer expects to realize substantially all of its federal deferred tax assets. The risk_severity is severe due to the significant charge and the potential for corporate alternative minimum tax (CAMT) beginning in fiscal 2026.,forward_looking,https://www.sec.gov/Archives/edgar/data/804328/000080432825000085/qcom-20250928.htm
0000813672-20-000007,CADENCE DESIGN SYSTEMS INC,valid,0.2,0.1,0.3,"The tone is neutral, as the excerpt discusses acquisitions, revenue fluctuations, and restructuring plans in a matter-of-fact manner. The hedging is moderate, as the excerpt acknowledges potential risks and uncertainties, such as the impact of the U.S. Department of Commerce's designation on revenue. The risk severity is moderate to severe, as the excerpt mentions significant risks, including the potential for revenue to be impacted by restrictions on certain customers in China.",forward_looking,https://www.sec.gov/Archives/edgar/data/813672/000081367220000007/cdns1228201910-k.htm
0000820027-22-000016,AMERIPRISE FINANCIAL INC,valid,0.0,0.0,0.0,"The tone is neutral as the excerpt discusses various factors affecting the company's performance without expressing a clear opinion. The hedging is typical as the excerpt mentions factors that may affect the success of strategies without using overly cautious language. The risk severity is moderate as the excerpt discusses significant impacts from financial markets and macroeconomic conditions, but also notes that the company is focused on its key strategic objectives and has a strong lineup of banking solutions.",forward_looking,https://www.sec.gov/Archives/edgar/data/820027/000082002722000016/amp-20211231.htm
0000831259-21-000009,FREEPORT-MCMORAN INC,valid,0.8,-0.2,0.4,"The tone is very positive due to the use of words like 'high-quality', 'generate long-term value', and 'positively'. The hedging is moderate due to phrases like 'we continue to view the long-term outlook positively' and 'we cannot control the price of our products'. The risk_severity is moderate due to the mention of 'volatile market conditions' and 'global economic uncertainty', but the company is taking steps to mitigate these risks.",forward_looking,https://www.sec.gov/Archives/edgar/data/831259/000083125921000009/fcx-20201231.htm
0000851968-19-000020,MOHAWK INDUSTRIES INC,valid,0.4,0.1,0.2,"The tone is positive due to the mention of the company being the world's largest flooring manufacturer and its growth in various markets. The hedging is minimal as the language is straightforward and confident. The risk severity is moderate due to the mention of macroeconomic headwinds, inflation, and currency translation. The justification for these ratings is based on the excerpt provided.",forward_looking,https://www.sec.gov/Archives/edgar/data/851968/000085196819000020/a4q201810kdocument-classic.htm
0000874761-20-000012,AES CORP,valid,0.0,0.0,0.0,"The excerpt presents financial data in a neutral tone, with a focus on explaining changes in impairment expense and non-operating expense. The language used is typical and lacks strong positive or negative sentiment. The text also includes hedging language, such as 'we believe' and 'we think', but it is not overly hedged or uncertain. The discussion of risk factors, such as economic uncertainty and impairment analysis, is presented in a matter-of-fact way, without any indication of severe risks to the business.",forward_looking,https://www.sec.gov/Archives/edgar/data/874761/000087476120000012/a2019form10-k.htm
0000875045-21-000010,BIOGEN INC.,valid,0.4,0.2,0.6,"The tone is positive as the company expresses its commitment to ensuring uninterrupted supply of medicines and expanding its manufacturing capacity. The hedging is moderate as the company acknowledges the impact of generic competition and Brexit, but does not express extreme uncertainty. The risk severity is high as the company expects a substantial negative impact on TECFIDERA revenues due to generic competition and Brexit-related developments.",forward_looking,https://www.sec.gov/Archives/edgar/data/875045/000087504521000010/biib-20201231.htm
0000877212-25-000027,ZEBRA TECHNOLOGIES CORP,valid,0.4,0.1,0.2,"The tone is positive due to the mention of stabilization of distributor inventory levels, modest recovery in demand trends, and expected increased revenue and profitability. The hedging is moderate as the company mentions 'increased uncertainty and volatility' in global trade policy and foreign currency exchange rates, but this is balanced by the confidence in its existing capital resources. The risk severity is moderate due to the potential impact of global trade policy and foreign currency exchange rates on the business, but the company's liquidity and debt obligations are manageable.",forward_looking,https://www.sec.gov/Archives/edgar/data/877212/000087721225000027/zbra-20241231.htm
0000882095-22-000007,"GILEAD SCIENCES, INC.",valid,0.5,-0.8,0.2,"The tone is positive due to the mention of growth and expansion of the company's commercial portfolio and clinical pipelines. The hedging is evident in the use of phrases like 'subject to significant volatility and uncertainty' and 'dependent on the nature of the COVID-19 pandemic'. The risk_severity is moderate due to the mention of a decline in Veklury product sales, but the overall impact is expected to be minor.",forward_looking,https://www.sec.gov/Archives/edgar/data/882095/000088209522000007/gild-20211231.htm
0000883241-21-000022,SYNOPSYS INC,valid,0.4,-0.2,0.1,"The tone is generally positive, with phrases like 'help these companies overcome challenges' and 'we believe that we will continue to execute our strategies successfully.' However, there are also mentions of potential risks, such as the impact of the COVID-19 pandemic and changes in customer spending decisions. The hedging level is moderate, with phrases like 'we have not identified trends that we expect will materially impact our future operating results' and 'the extent that these requests may impact our business is uncertain.' The risk severity is low, with the mention of 'minor disruptions' in the hardware supply chain.",forward_looking,https://www.sec.gov/Archives/edgar/data/883241/000088324121000022/snps-20211031.htm
0000884887-21-000006,ROYAL CARIBBEAN CRUISES LTD,valid,0.0,-0.1,0.0,"The tone is neutral, as the language used is formal and objective. The hedging is -0.1 because the text acknowledges the uncertainty of forward-looking statements, but does not provide a clear indication of confidence. The risk_severity is 0, as the risks discussed are not explicitly stated as severe, but rather as 'material' in the context of the Private Securities Litigation Reform Act of 1995. The language used to describe the risks is cautious, but does not convey a sense of alarm or urgency.",forward_looking,https://www.sec.gov/Archives/edgar/data/884887/000088488721000006/rcl-20201231.htm
0000896159-23-000007,Chubb Ltd,valid,0.0,0.0,0.0,The tone is neutral as the language is formal and objective. The hedging is typical as the text explicitly states the risks and uncertainties. The risk severity is moderate as the risks are described in detail but do not appear to be extreme or catastrophic.,forward_looking,https://www.sec.gov/Archives/edgar/data/896159/000089615923000007/cb-20221231.htm
0000898173-23-000011,O REILLY AUTOMOTIVE INC,valid,0.4,0.1,0.2,"The tone is positive as the excerpt highlights long-term growth opportunities and benefits from current market conditions. The hedging is minimal as the language is confident and assertive. The risk_severity is moderate as the excerpt mentions potential inflationary cost pressures, but the company has a history of mitigating these effects.",forward_looking,https://www.sec.gov/Archives/edgar/data/898173/000089817323000011/orly-20221231x10k.htm
0000900075-23-000034,COPART INC,valid,0.0,0.0,0.0,"The tone is neutral as the excerpt discusses forward-looking statements and risk factors in a formal and objective manner. The hedging is typical as the excerpt acknowledges the uncertainty of forward-looking statements without expressing excessive caution. The risk_severity is moderate as the excerpt mentions the potential impact of the COVID-19 pandemic on the business, but does not indicate a severe risk to the business.",forward_looking,https://www.sec.gov/Archives/edgar/data/900075/000090007523000034/cprt-20230731.htm
0000908255-21-000008,BORGWARNER INC,valid,0.8,0.0,0.2,"The tone is very positive as the excerpt highlights the acquisition's benefits and growth opportunities. The hedging is 0 as the language is straightforward and confident. The risk_severity is 0.2 as the acquisition is expected to strengthen the company's position, but the risks are not explicitly stated as severe.",forward_looking,https://www.sec.gov/Archives/edgar/data/908255/000090825521000008/bwa-20201231.htm
0000915389-25-000012,EASTMAN CHEMICAL CO,valid,0.0,0.0,0.0,"The tone is neutral as the excerpt discusses management's decisions and estimates in a matter-of-fact manner. The hedging is typical as the language is cautious but does not express outright certainty. The risk_severity is moderate as the excerpt mentions potential differences between estimates and actual results, but does not indicate severe risks to the business. The justification for these ratings is based on the excerpt's language and tone, which does not express strong emotions or certainty.",forward_looking,https://www.sec.gov/Archives/edgar/data/915389/000091538925000012/emn-20241231.htm
0000916365-24-000046,TRACTOR SUPPLY CO /DE/,valid,0.0,0.0,0.0,"The tone is neutral as the excerpt discusses the company's accounting principles and financial measures without expressing a clear opinion or emotion. The hedging is typical as the company acknowledges the limitations of non-GAAP measures but still provides them. The risk_severity is moderate as the company discusses its growth strategy and past growth, but does not explicitly mention any significant risks.",forward_looking,https://www.sec.gov/Archives/edgar/data/916365/000091636524000046/tsco-20231230.htm
0000920148-20-000011,LABORATORY CORP OF AMERICA HOLDINGS,valid,0.2,0.1,0.3,"The tone is neutral, as the excerpt discusses various initiatives and their expected outcomes without expressing strong emotions. The hedging is moderate, as the excerpt mentions potential risks and uncertainties, but does not use overly cautious language. The risk severity is moderate to severe, as the excerpt discusses significant financial impacts and potential litigation, but does not use alarmist language. The Company's expectations for future savings and costs are also a factor in the moderate risk severity rating.",forward_looking,https://www.sec.gov/Archives/edgar/data/920148/000092014820000011/lh10-k2019.htm
0000927628-23-000117,CAPITAL ONE FINANCIAL CORP,valid,0.0,0.0,0.0,"The tone is neutral as the language is formal and objective. The hedging is typical as the excerpt does not contain explicit caveats or qualifications. The risk_severity is moderate as the excerpt mentions potential risks such as credit normalization and economic outlook, but does not convey a sense of imminent danger.",forward_looking,https://www.sec.gov/Archives/edgar/data/927628/000092762823000117/cof-20221231.htm
0000935703-19-000024,DOLLAR TREE INC,valid,0.4,0.0,0.1,"The tone is positive as the company discusses new construction projects and store openings with optimism (e.g., 'third quarter of 2019', 'summer of 2020'). The hedging is minimal as the language is straightforward and lacks caveats. The risk severity is low as the company discusses new construction projects and store openings, but notes that currency fluctuations may impact sales. The justification for the ratings is based on the excerpt provided.",forward_looking,https://www.sec.gov/Archives/edgar/data/935703/000093570319000024/dltr-2019x02x02x10k.htm
0000936468-20-000016,LOCKHEED MARTIN CORP,valid,0.4,-0.2,0.2,"The tone is positive due to the focus on growth, innovation, and customer satisfaction. The hedging is moderate as the excerpt mentions potential changes in circumstances, but the language is not overly cautious. The risk severity is moderate due to the mention of potential changes in government funding, but the impact is not explicitly stated. The justification for these ratings is based on the excerpt itself, which highlights the company's growth prospects and investment in technologies and people.",forward_looking,https://www.sec.gov/Archives/edgar/data/936468/000093646820000016/lmtq4201910k.htm
0000950170-22-001811,MARKETAXESS HOLDINGS INC,valid,0.0,0.0,0.0,"The tone is neutral as the excerpt discusses the company's financial condition and results of operations in a matter-of-fact manner. The hedging is typical as the excerpt mentions forward-looking statements and risks, but does not express excessive caution. The risk_severity is moderate as the excerpt mentions potential risks and uncertainties, but does not indicate severe risks to the business.",forward_looking,https://www.sec.gov/Archives/edgar/data/1278021/000095017022001811/mktx-20211231.htm
0000950170-23-004361,MARTIN MARIETTA MATERIALS INC,valid,0.4,0.0,0.2,"The tone is positive due to the mention of 'strategic and leading cement position', 'robust demand', and 'positive momentum'. The hedging is minimal as the language is straightforward and lacks cautionary phrases. The risk severity is moderate due to the mention of 'capital-intensive operation' and 'large industrial projects of scale', indicating potential challenges but not alarmingly so.",forward_looking,https://www.sec.gov/Archives/edgar/data/916076/000095017023004361/mlm-20221231.htm
0000950170-24-006884,SCHLUMBERGER LIMITED/NV,valid,0.4,0.1,0.2,"The tone is positive due to the use of words like 'outpacing', 'outperformance', and 'strong growth'. The hedging is moderate as the excerpt acknowledges 'elevated geopolitical tensions' but does not express concern. The risk_severity is moderate due to the mention of geopolitical tensions, but the company expects to be 'largely decoupled' from short-term commodity price fluctuations. The justification is based on the language used in the excerpt, which highlights the company's growth prospects and its ability to navigate potential risks.",forward_looking,https://www.sec.gov/Archives/edgar/data/87347/000095017024006884/slb-20231231.htm
0000950170-24-013370,Arthur J. Gallagher & Co.,valid,0.0,0.0,0.0,"The tone is neutral as the language used is informative and objective. The hedging is typical as the text does not contain any explicit language of caution or uncertainty. The risk_severity is moderate as the company mentions potential losses in its clean energy investments, but the language used is not alarmist or alarming. The justification is based on the analysis of the excerpt provided.",forward_looking,https://www.sec.gov/Archives/edgar/data/354190/000095017024013370/ajg-20231231.htm
0000950170-24-014539,"Prologis, Inc.",valid,0.8,0.1,0.2,"The tone is very positive as the excerpt highlights strong operating results, growth in market rents, and a well-positioned business for long-term growth. The hedging is minimal as the language is confident and definite, with no apparent uncertainty. The risk_severity is moderate as the excerpt mentions uncertainties in the economic and geopolitical environment, but the company believes it is well-positioned to mitigate these risks.",forward_looking,https://www.sec.gov/Archives/edgar/data/1045609/000095017024014539/pld-20231231.htm
0000950170-25-024723,KIMCO REALTY CORP,valid,0.0,0.0,0.0,"The tone is neutral as the language used is formal and objective. The hedging is typical as the text does not contain explicit language of certainty or uncertainty. The risk_severity is moderate as the text mentions potential risks such as tenant bankruptcy and uncollectible receivables, but the language used is cautious rather than alarmist.",forward_looking,https://www.sec.gov/Archives/edgar/data/879101/000095017025024723/kim-20241231.htm
0001013871-19-000007,"NRG ENERGY, INC.",valid,0.8,0.0,0.2,"The tone is very positive as the company is executing its Transformation Plan and achieving significant targets. The language is confident and forward-looking, with phrases like 'well underway' and 'expects to fully implement'. The risk severity is moderate, as the company is discussing specific targets and costs, but the overall tone suggests a sense of control and confidence. The hedging is minimal, as the language is direct and unambiguous, with no apparent caveats or uncertainties.",forward_looking,https://www.sec.gov/Archives/edgar/data/1013871/000101387119000007/nrg201810-k.htm
0001013871-25-000006,"NRG ENERGY, INC.",valid,0.4,0.1,0.2,"The tone is positive due to the mention of 'surge in demand', 'growth', and 'increased dividend'. The hedging is minimal as the language is straightforward and lacks caveats. The risk severity is moderate due to the mention of 'significant planning and construction' and 'contract terminations'.",forward_looking,https://www.sec.gov/Archives/edgar/data/1013871/000101387125000006/nrg-20241231.htm
0001022079-23-000018,QUEST DIAGNOSTICS INC,valid,0.4,0.0,0.2,"The tone is positive as the excerpt highlights the company's efforts to improve performance and reduce costs through the Invigorate program. The language used is optimistic, with phrases like 'help offset pressures' and 'foster our efforts to strengthen our foundation for growth'. The hedging is minimal, with no explicit caveats or uncertainties. The risk severity is moderate, as the excerpt mentions the impact of the COVID-19 pandemic and industry trends, but does not indicate any severe risks to the business.",forward_looking,https://www.sec.gov/Archives/edgar/data/1022079/000102207923000018/dgx-20221231.htm
0001024305-20-000084,COTY INC.,valid,0.2,-0.1,0.8,"The tone is neutral with a slight positive bias due to the mention of transformation and growth. The hedging is minimal as the language is straightforward and confident. The risk_severity is high due to the mention of material effects, significant decline, and potential resurgence of COVID-19, indicating severe risks to the business.",forward_looking,https://www.sec.gov/Archives/edgar/data/1024305/000102430520000084/coty-20200630.htm
0001024478-25-000116,"ROCKWELL AUTOMATION, INC",valid,0.5,0.1,0.1,"The tone is positive, with phrases like 'accelerated growth', 'transform our company', and 'face to face interaction'. The hedging is minimal, with no explicit caveats or uncertainties. The risk severity is low, with no mention of significant threats to the business.",forward_looking,https://www.sec.gov/Archives/edgar/data/1024478/000102447825000116/rok-20250930.htm
0001034054-22-000002,SBA COMMUNICATIONS CORP,valid,0.4,0.1,0.2,"The tone is positive due to the use of words like 'attractive', 'long-term', 'grow', and 'increase'. The hedging is moderate as the excerpt mentions potential risks (e.g., customer consolidation, cessation of technology) but frames them as exceptions. The risk severity is moderate due to the potential for $140-190 million in cash site leasing revenue loss over six years, but the company expects to mitigate this through investments and stock repurchases.",forward_looking,https://www.sec.gov/Archives/edgar/data/1034054/000103405422000002/sbac-20211231x10k.htm
0001037038-23-000015,RALPH LAUREN CORP,valid,0.0,0.0,0.0,"The tone is neutral as the excerpt discusses various topics such as business description, financial performance, and risk factors without expressing a strong opinion. The hedging is typical as the excerpt mentions the use of constant currency measures to provide a framework for assessing business performance, but does not express uncertainty. The risk_severity is moderate as the excerpt mentions significant risks, but frames them as material risks that can cause actual results to differ from expectations.",forward_looking,https://www.sec.gov/Archives/edgar/data/1037038/000103703823000015/rl-20230401.htm
0001037038-24-000014,RALPH LAUREN CORP,valid,0.4,0.1,0.2,"The tone is positive as the excerpt highlights the company's large-scale project and its expected benefits. The hedging is moderate as the excerpt mentions the impact of foreign currency exchange rate fluctuations but also provides a framework for assessing performance excluding these effects. The risk_severity is moderate as the excerpt mentions significant risks, but the company is taking steps to mitigate them.",forward_looking,https://www.sec.gov/Archives/edgar/data/1037038/000103703824000014/rl-20240330.htm
0001037646-23-000005,METTLER TOLEDO INTERNATIONAL INC/,valid,0.2,0.0,0.3,"The tone is neutral, as the language is objective and informative. The hedging is typical, as the company acknowledges uncertainties but does not express extreme confidence or doubt. The risk severity is moderate to severe, as the company mentions macroeconomic and geopolitical risks, as well as supply chain challenges, which could impact business performance.",forward_looking,https://www.sec.gov/Archives/edgar/data/1037646/000103764623000005/mtd-20221231.htm
0001038357-20-000009,PIONEER NATURAL RESOURCES CO,valid,0.0,0.0,0.0,"The tone is neutral as the excerpt discusses expected results and funding sources without expressing a strong opinion. The hedging is typical as the excerpt mentions no assurance can be given about future funding sources, but it does not express extreme uncertainty. The risk severity is moderate as the excerpt mentions potential funding shortfalls, but it does not indicate severe risks to the business.",forward_looking,https://www.sec.gov/Archives/edgar/data/1038357/000103835720000009/pxd-20191231.htm
0001038357-21-000016,PIONEER NATURAL RESOURCES CO,valid,0.2,-0.1,0.8,"The tone is neutral with a slight positive bias due to the mention of 'continuing to have a high degree of uncertainty' and 'return to a balanced oil supply and demand environment'. The hedging is moderate due to the mention of 'various factors beyond the Company's control' and 'uncertainty in oil demand fundamentals'. The risk_severity is high due to the mention of 'COVID-19 pandemic', 'geopolitical issues', and 'uncertainty in oil demand fundamentals', indicating severe risks to the business.",forward_looking,https://www.sec.gov/Archives/edgar/data/1038357/000103835721000016/pxd-20201231.htm
0001041061-19-000010,YUM BRANDS INC,valid,0.4,0.0,0.1,The tone is positive as the excerpt highlights the usefulness of non-GAAP measurements for investors and the growth of the business. The hedging is minimal as the language is straightforward and confident. The risk severity is low as the excerpt discusses business growth and operational performance without mentioning any severe risks.,forward_looking,https://www.sec.gov/Archives/edgar/data/1041061/000104106119000010/yum10k12312018.htm
0001043604-23-000016,JUNIPER NETWORKS INC,valid,0.2,-0.1,0.3,"The tone is neutral, as the language is matter-of-fact and objective. The hedging is moderate, as the text acknowledges the impact of the pandemic but does not express extreme uncertainty. The risk severity is moderate to severe, as the company faces elevated component costs, inventory balances, and supply chain constraints, which could have a significant impact on its business.",forward_looking,https://www.sec.gov/Archives/edgar/data/1043604/000104360423000016/jnpr-20221231.htm
0001058090-21-000010,CHIPOTLE MEXICAN GRILL INC,valid,0.2,0.0,0.3,"The tone is neutral, as the language is informative and objective. The hedging is 0, as the text does not contain any explicit hedging phrases. The risk_severity is 0.3, as the text mentions potential risks such as forward-looking statements and uncertainties, but frames them as 'could cause our results to differ materially' rather than explicitly stating a high risk.",forward_looking,https://www.sec.gov/Archives/edgar/data/1058090/000105809021000010/cmg-20201231x10k.htm
0001058290-20-000008,COGNIZANT TECHNOLOGY SOLUTIONS CORP,valid,0.2,0.1,0.8,"The tone is neutral with a slight positive bias due to the mention of 'strategic vision' and 'growth agenda'. The hedging is moderate as the excerpt mentions potential negative impacts and revenue losses, but also expresses confidence in the plan's execution. The risk severity is high due to the estimated revenue losses and potential client relationships impacts, but the plan's expected cost savings and optimization measures mitigate this risk.",forward_looking,https://www.sec.gov/Archives/edgar/data/1058290/000105829020000008/ctsh20191231-10k.htm
0001065696-23-000008,LKQ CORP,valid,0.0,0.0,0.0,"The tone is neutral as the excerpt discusses expected fluctuations and uncertainties without expressing a strong opinion. The hedging is typical as the language is cautious but does not avoid making definitive statements. The risk severity is moderate as the excerpt mentions potential fluctuations and uncertainties, but does not indicate severe risks to the business. The justification for these ratings is that the excerpt does not express a strong opinion, uses typical language, and mentions moderate risks.",forward_looking,https://www.sec.gov/Archives/edgar/data/1065696/000106569623000008/lkq-20221231.htm
0001069183-24-000006,"AXON ENTERPRISE, INC.",valid,0.0,0.0,0.0,"The tone is neutral as the excerpt provides a straightforward explanation of the MD&A section and its purpose. The hedging is typical as the language is cautious but does not express strong uncertainty. The risk severity is moderate as the excerpt mentions potential risks related to delayed deployments, budget appropriation, or contract cancellation clauses, but these are not described as severe or catastrophic.",forward_looking,https://www.sec.gov/Archives/edgar/data/1069183/000106918324000006/axon-20231231x10k.htm
0001070750-25-000071,"HOST HOTELS & RESORTS, INC.",valid,0.0,0.0,0.0,"The tone is neutral as the excerpt discusses various key performance indicators and their comparisons without expressing a strong opinion. The hedging is typical as the excerpt explains the limitations and reasons behind the use of non-GAAP financial measures. The risk_severity is moderate as the excerpt mentions specific challenges such as higher wages, inflationary pressures, and wildfires, but does not indicate any severe risks to the business.",forward_looking,https://www.sec.gov/Archives/edgar/data/1061937/000107075025000071/hst-20241231.htm
0001075531-23-000016,Booking Holdings Inc.,valid,0.4,0.1,0.2,"The tone is positive as the company focuses on innovation and growth, using phrases like 'best-in-class user experience' and 'exceed their expectations.' The hedging is moderate as the company acknowledges potential negative impacts on operating margins, but frames it as a necessary investment for long-term growth. The risk severity is moderate as the company discusses potential negative impacts on operating margins, but also highlights potential benefits for consumers and travel service providers.",forward_looking,https://www.sec.gov/Archives/edgar/data/1075531/000107553123000016/bkng-20221231.htm
0001090872-21-000027,"AGILENT TECHNOLOGIES, INC.",valid,0.0,0.0,0.0,"The excerpt is neutral in tone, as it discusses various business topics without expressing a strong opinion. The language used is typical and does not contain any confident or definite statements. The risk-severity rating is 0, as the excerpt does not mention any severe risks to the business. The justification is supported by the excerpt, which states 'Our actual results could differ materially from the results contemplated by these forward-looking statements due to various factors, including those discussed in Part I Item 1A and elsewhere in this Form 10-K.'",forward_looking,https://www.sec.gov/Archives/edgar/data/1090872/000109087221000027/a-20211031.htm
0001099800-24-000004,Edwards Lifesciences Corp,valid,0.2,-0.1,0.3,"The tone is neutral with a slight positive bias, as the company expresses its commitment to patient-focused innovation and its dedication to generating robust clinical and economic evidence. The hedging is minimal, as the company acknowledges the impacts of the COVID-19 pandemic but does not express significant uncertainty. The risk severity is moderate to severe, as the company expects adverse effects related to COVID-19 for some time and may face material tax liabilities in audits.",forward_looking,https://www.sec.gov/Archives/edgar/data/1099800/000109980024000004/ew-20231231.htm
0001104659-24-029425,Monster Beverage Corp,valid,0.4,0.1,0.2,"The tone is positive, with phrases like 'believe', 'focused on', and 'continue profitable growth'. The hedging is moderate, with phrases like 'subject to increases in the costs of certain raw materials' and 'may differ materially'. The risk severity is moderate, with risks related to raw material costs and market fluctuations.",forward_looking,https://www.sec.gov/Archives/edgar/data/865752/000110465924029425/mnst-20231231x10k.htm
0001111711-25-000008,NISOURCE INC.,valid,0.4,0.0,0.2,"The tone is positive due to the mention of significant progress, milestones achieved, and investments in infrastructure modernization. The language is neutral and lacks any negative or overly cautious tone. The risk severity is moderate due to the mention of retirement of coal units and vintage gas peaking facilities, but the plan is expected to support all stakeholders. The hedging is minimal as the language is straightforward and lacks any explicit caveats or uncertainties.",forward_looking,https://www.sec.gov/Archives/edgar/data/1111711/000111171125000008/nix-20241231.htm
0001113169-19-000011,PRICE T ROWE GROUP INC,valid,0.2,0.0,0.1,"The tone is neutral, as the excerpt discusses both challenges (persistent trend to passive investing) and opportunities (well-executed active management, growth opportunities). The hedging is typical, as the language is cautious but not overly negative or uncertain. The risk severity is minor, as the risks mentioned (market movements, state tax legislation) are not described as severe or critical to the business.",forward_looking,https://www.sec.gov/Archives/edgar/data/1113169/000111316919000011/a201810k.htm
0001133421-19-000007,NORTHROP GRUMMAN CORP /DE/,valid,0.4,0.1,0.6,"The tone is positive as the excerpt highlights the acquisition of Orbital ATK as a strategic move to broaden capabilities and create value for shareholders. The hedging is moderate as the company acknowledges uncertainty in the global geopolitical and economic environments. The risk_severity is high due to the potential impacts of geopolitical tensions, financial market volatility, and changes in international trade policies on the company's business. The justification is based on the language used in the excerpt, which emphasizes the potential benefits of the acquisition and the company's ability to adapt to uncertain environments.",forward_looking,https://www.sec.gov/Archives/edgar/data/1133421/000113342119000007/noc-12312018x10k.htm
0001133421-24-000006,NORTHROP GRUMMAN CORP /DE/,valid,0.4,-0.2,0.5,"The tone is generally positive, with phrases like 'continue to allow for long-term profitable business growth' and 'we continue to work hard'. However, the mention of 'global tensions and instability', 'hostilities in Israel and the Gaza Strip', and 'macroeconomic factors' introduces a negative tone. The hedging is moderate, as the company acknowledges potential impacts but does not rule out them entirely. The risk severity is high, due to the mention of global conflicts and macroeconomic challenges.",forward_looking,https://www.sec.gov/Archives/edgar/data/1133421/000113342124000006/noc-20231231.htm
0001137774-20-000065,PRUDENTIAL FINANCIAL INC,valid,0.2,-0.1,0.3,"The tone is neutral to slightly positive, as the excerpt highlights the company's expectations for future growth and competitive advantages. The hedging is minimal, as the language is straightforward and confident. The risk severity is moderate to severe, as the excerpt mentions a low interest rate environment and fee compression, which could impact the company's results.",forward_looking,https://www.sec.gov/Archives/edgar/data/1137774/000113777420000065/form10-kx4q2019.htm
0001137789-22-000055,Seagate Technology Holdings plc,valid,0.2,-0.1,0.3,"The tone is neutral with a slight positive bias due to the mention of revenue growth (9% increase) and the company's ability to adapt to changing market conditions. The hedging is moderate, as the company acknowledges the ongoing impacts of the pandemic but does not provide a clear prediction of future outcomes. The risk severity is moderate to high, as the company identifies several potential risks, including supply chain disruptions, inflation, and macroeconomic factors, which could negatively impact its business and results of operations.",forward_looking,https://www.sec.gov/Archives/edgar/data/1137789/000113778922000055/stx-20220701.htm
0001137789-23-000049,Seagate Technology Holdings plc,valid,0.2,-0.1,0.8,"The tone is neutral, as the language is objective and matter-of-fact. The hedging is minimal, as the text states 'we expect' and 'we are continuing to actively manage costs', indicating a degree of confidence. The risk_severity is high, as the excerpt mentions 'significant slowdown in demand', 'factory underutilization charges', 'substantial manufacturing or supply chain challenges', and 'sustained reductions or volatility in overall demand trends', indicating severe risks to the business.",forward_looking,https://www.sec.gov/Archives/edgar/data/1137789/000113778923000049/stx-20230630.htm
0001156039-21-000012,"Anthem, Inc.",valid,0.2,-0.1,0.3,The tone is neutral with a slight positive bias due to the mention of 'strive to price' and 'on a path toward sustainability'. The hedging is minimal as the language is straightforward and confident. The risk_severity is moderate to severe due to the mention of 'material adverse effect' and 'increased future medical costs'. The justification for these ratings is based on the excerpt provided.,forward_looking,https://www.sec.gov/Archives/edgar/data/1156039/000115603921000012/antm-20201231.htm
0001164727-25-000011,NEWMONT Corp /DE/,valid,0.0,0.0,0.0,"The tone is neutral as the language used is formal and objective. The hedging is typical as the text uses phrases like 'management believes' and 'we use certain non-GAAP measures', indicating a neutral stance. The risk_severity is moderate as the text mentions 'inflationary pressures', 'countermeasures taken by central banks', and 'potential impairment to certain assets', indicating some level of uncertainty, but the language is not overly alarmist. The justification for the ratings is based on the formal and objective tone, typical hedging language, and moderate risk_severity indicators in the excerpt.",forward_looking,https://www.sec.gov/Archives/edgar/data/1164727/000116472725000011/nem-20241231.htm
0001170010-24-000034,CARMAX INC,valid,0.4,0.0,0.1,"The tone is positive, with phrases like 'capture additional profits, cash flows and sales' and 'financial strength to support our operations'. The hedging is minimal, with no explicit caveats or uncertainties. The risk severity is low, with no mention of severe risks to the business, but rather a focus on conservative capital allocation and expense management.",forward_looking,https://www.sec.gov/Archives/edgar/data/1170010/000117001024000034/kmx-20240229.htm
0001193125-19-042339,SMITH A O CORP,valid,0.4,0.1,0.2,The tone is positive due to the mention of growth and expansion in various segments. The hedging is minimal as the language is straightforward and confident. The risk severity is moderate due to the mention of regulatory changes and economic uncertainty in certain regions.,forward_looking,https://www.sec.gov/Archives/edgar/data/91142/000119312519042339/d678397d10k.htm
0001193125-20-048303,WATERS CORP /DE/,valid,0.4,-0.2,0.1,The tone is positive due to the mention of financial flexibility and growth strategies. The hedging is moderate as the Company uses cross-currency swap agreements to mitigate risks. The risk severity is low as the Company expects minor impacts from foreign currency translation and the acquisition of Andrew Alliance is not expected to have a material effect on sales and expenses.,forward_looking,https://www.sec.gov/Archives/edgar/data/1000697/000119312520048303/d862312d10k.htm
0001262039-23-000010,"Fortinet, Inc.",valid,0.0,0.0,0.0,"The tone is neutral, as the language used is objective and informative. The hedging is typical, as the text acknowledges the uncertainty of forward-looking statements without expressing excessive caution. The risk severity is moderate, as the text mentions various risks and uncertainties, but does not indicate any severe or critical risks to the business.",forward_looking,https://www.sec.gov/Archives/edgar/data/1262039/000126203923000010/ftnt-20221231.htm
0001283699-21-000039,"T-Mobile US, Inc.",valid,0.4,-0.2,0.6,"The tone is positive due to the use of words like 'enhanced', 'increased', 'opportunity', and 'accelerate innovation'. The hedging is moderate as the language is somewhat cautious, but the overall message is optimistic. The risk severity is high due to the mention of 'materially different' trends and results, as well as 'restructuring costs' and 'reduction of expenses'. The justification of these ratings is based on the excerpt provided.",forward_looking,https://www.sec.gov/Archives/edgar/data/1283699/000128369921000039/tmus-20201231.htm
0001306830-25-000027,Celanese Corp,valid,0.0,0.0,0.0,"The tone is neutral as the excerpt neither expresses a strong positive nor negative sentiment. The hedging is typical as the language used is cautious and acknowledges the uncertainty of forward-looking statements. The risk_severity is moderate as the excerpt mentions several factors that could cause actual results to differ materially, but does not describe the risks as severe or routine. The justification is based on the excerpt itself, where the language used is cautious and acknowledges the uncertainty of forward-looking statements.",forward_looking,https://www.sec.gov/Archives/edgar/data/1306830/000130683025000027/ce-20241231.htm
0001324424-20-000009,"Expedia Group, Inc.",valid,0.2,-0.1,0.3,"The tone is neutral with a slight positive bias, as the excerpt mentions 'continuing growth' and 'attractive growth opportunity'. The hedging is minimal, as the language is straightforward and confident. The risk_severity is moderate to severe, as the excerpt mentions 'uncertain environment', 'negative impact', and 'material degree' of impact, indicating a range of potential risks.",forward_looking,https://www.sec.gov/Archives/edgar/data/1324424/000132442420000009/q42019-10k.htm
0001326160-19-000057,Duke Energy CORP,valid,0.4,-0.2,0.1,"The tone is positive due to the mention of customer satisfaction improvement and expanding the natural gas platform. The hedging is moderate as the excerpt mentions 'management believes' and 'we remain steadfast', indicating some uncertainty. The risk severity is low as the excerpt mentions 'backbone infrastructure' and 'reliable gas supply', indicating a stable business. The justification is based on the excerpt itself, where the company explains its use of non-GAAP financial measures and the inclusion of special items.",forward_looking,https://www.sec.gov/Archives/edgar/data/17797/000132616019000057/duk-20181231x10k.htm
0001373715-20-000072,"ServiceNow, Inc.",valid,0.8,0.1,0.2,"The tone is very positive as the excerpt highlights the company's purpose, benefits, and growth opportunities. The hedging is moderate as the excerpt mentions potential risks (e.g., free cash flow, billings) but frames them as factors to be managed. The risk severity is moderate as the risks are not explicitly stated as severe, but rather as potential variations in revenue. The justification is based on the excerpt's language and structure, which emphasizes the company's strengths and growth prospects.",forward_looking,https://www.sec.gov/Archives/edgar/data/1373715/000137371520000072/now-20191231x10kxinpro.htm
0001373715-22-000024,"ServiceNow, Inc.",valid,0.4,-0.7,0.2,"The tone is positive as the company focuses on business continuity and long-term success. The hedging is high due to the uncertainty and unpredictability of the COVID-19 pandemic. The risk severity is moderate due to the potential economic decline and government responses. The company's ability to maintain operations is not expected to be affected, but the impact of operational changes is uncertain.",forward_looking,https://www.sec.gov/Archives/edgar/data/1373715/000137371522000024/now-20211231.htm
0001396009-23-000007,Vulcan Materials CO,valid,0.8,0.2,0.4,"The tone is very positive due to phrases like 'solid results', 'relentless focus', and 'earnings growth'. The hedging is moderate as the company mentions 'arbitrary shutdown orders' and 'adverse actions', but these are framed as external events rather than company-specific risks. The risk severity is moderate due to the potential for future shutdowns and arbitration decisions, but the company's focus on its operating disciplines and cost management suggests it is well-equipped to mitigate these risks.",forward_looking,https://www.sec.gov/Archives/edgar/data/1396009/000139600923000007/vmc-20221231x10k.htm
0001418091-21-000031,"TWITTER, INC.",valid,0.8,-0.2,0.2,"The tone is very positive as the company prioritizes revenue growth and expects significant expansion in headcount and investments. The language is confident and decisive, with phrases like 'number one company priority' and 'quickly and decisively'. However, there is some hedging in the discussion of potential risks, such as the impact of iOS 14 changes on advertising revenue. The risk severity is moderate, as the company acknowledges potential challenges but expects to adapt and mitigate them. The justification for the ratings is based on the excerpt's language and tone, which convey a sense of optimism and confidence.",forward_looking,https://www.sec.gov/Archives/edgar/data/1418091/000141809121000031/twtr-20201231.htm
0001437749-21-003793,GENERAC HOLDINGS INC.,valid,0.5,0.1,0.2,"The tone is positive, with words like 'key focus', 'leading market position', and 'strategically positioned'. The hedging is minimal, with a mention of 'risks and uncertainties' but no explicit language of doubt. The risk severity is moderate, with a mention of 'future events' and 'material differences' from expectations, but no explicit language of catastrophic consequences.",forward_looking,https://www.sec.gov/Archives/edgar/data/1474735/000143774921003793/gnrc20201231_10k.htm
0001437749-21-004587,MONOLITHIC POWER SYSTEMS INC,valid,0.2,0.1,0.3,"The tone is neutral with a slight positive bias, as the company presents its strengths and mission in a confident manner. The hedging is moderate, as the company acknowledges the risks of the cyclical industry but also expresses confidence in its targeted product and market areas. The risk severity is high, as the company faces significant risks from industry downturns and litigation, but its ability to develop new products and diversify its customer base mitigates these risks.",forward_looking,https://www.sec.gov/Archives/edgar/data/1280452/000143774921004587/mpwr20201231_10k.htm
0001463101-25-000024,"Enphase Energy, Inc.",valid,0.4,-0.2,0.5,"The tone is positive due to the mention of 'great customer service', 'innovation', and 'success going forward'. The hedging is moderate as the excerpt mentions potential risks, but also states that 'we believe' certain corrections have been made. The risk_severity is high due to the mention of 'adverse effect', 'shortages', and 'uncertainty'.",forward_looking,https://www.sec.gov/Archives/edgar/data/1463101/000146310125000024/enph-20241231.htm
0001478242-23-000044,IQVIA HOLDINGS INC.,valid,0.0,0.0,0.0,"The tone is neutral as the excerpt discusses various challenges and uncertainties, such as the COVID-19 pandemic and foreign currency exchange rates, without expressing a strong opinion. The hedging is typical as the excerpt acknowledges the impact of these factors on the company's results but does not provide a definitive prediction. The risk_severity is moderate as the excerpt mentions a decline in revenues and restructuring costs, but also notes that these are expected to be temporary and that the company has a significant backlog of contracted work.",forward_looking,https://www.sec.gov/Archives/edgar/data/1478242/000147824223000044/iqv-20221231.htm
0001510295-23-000012,Marathon Petroleum Corp,valid,0.8,0.0,0.2,"The tone is very positive as the company expresses its commitment to leadership in performance and sustainability. The language used is optimistic and forward-looking, with phrases like 'leader in operational, financial, and sustainability performance' and 'enhance the competitiveness of our portfolio'. The hedging is minimal, with no apparent uncertainty or caution. The risk severity is moderate, with the company acknowledging the need to obtain low-carbon intensity feedstocks, but the language suggests a sense of confidence in its ability to achieve this goal.",forward_looking,https://www.sec.gov/Archives/edgar/data/1510295/000151029523000012/mpc-20221231.htm
0001532176-20-000008,"REGENERON PHARMACEUTICALS, INC.",valid,0.0,0.0,0.0,"The tone is neutral as the language is objective and matter-of-fact. The hedging is typical as the text does not contain strong language or absolute statements. The risk_severity is moderate as the text mentions potential risks and uncertainties, but does not describe them as severe or critical.",forward_looking,https://www.sec.gov/Archives/edgar/data/872589/000153217620000008/regn-123119x10k.htm
0001539838-19-000008,"Diamondback Energy, Inc.",valid,0.8,0.1,0.2,"The tone is very positive due to the use of words like 'transformational', 'almost doubled', and 'industry leading'. The hedging is moderate as the text acknowledges potential risks (e.g., commodity price fluctuations) but also outlines plans to address them. The risk severity is moderate as the text mentions potential risks but also outlines plans to mitigate them, resulting in expected growth and increased dividend. The language is typical of a company's optimistic outlook, with a focus on future growth and returns.",forward_looking,https://www.sec.gov/Archives/edgar/data/1539838/000153983819000008/diamondback201810-k.htm
0001543151-25-000008,"Uber Technologies, Inc",valid,0.0,0.0,0.0,"The tone is neutral as the excerpt discusses various legal challenges and regulatory changes without expressing a clear opinion or emotion. The hedging is typical as the company acknowledges the challenges but downplays their impact. The risk severity is moderate as the company faces legal proceedings and regulatory changes, but does not indicate a severe impact on the business.",forward_looking,https://www.sec.gov/Archives/edgar/data/1543151/000154315125000008/uber-20241231.htm
0001551152-24-000011,AbbVie Inc.,valid,0.8,0.0,0.2,"The tone is very positive as the company expresses its mission and objectives in a confident and ambitious manner. The hedging is minimal as the language is direct and assertive. The risk_severity is moderate as the company mentions regulatory submissions and data readouts, but the overall tone suggests a sense of control and confidence in its strategy.",forward_looking,https://www.sec.gov/Archives/edgar/data/1551152/000155115224000011/abbv-20231231.htm
0001558370-19-006311,"Lamb Weston Holdings, Inc.",valid,0.8,0.0,0.2,"The tone is very positive as the excerpt highlights growth opportunities, investments, and expansion plans. The language used is optimistic and forward-looking. The hedging is minimal as the excerpt presents a clear and confident view of the company's expectations. The risk severity is moderate as the excerpt mentions potential near-term capacity constraints, but overall, the risks are manageable.",forward_looking,https://www.sec.gov/Archives/edgar/data/1679273/000155837019006311/lw-20190526x10k.htm
0001558370-19-010758,TE Connectivity Ltd.,valid,0.0,0.0,0.0,"The tone is neutral as the language used is objective and factual. The hedging is typical as the company provides specific expectations and justifications for its outlook. The risk severity is moderate as the company mentions declines in sales and earnings, but also notes that some segments are expected to offset these declines.",forward_looking,https://www.sec.gov/Archives/edgar/data/1385157/000155837019010758/tel-20190927x10kd12dc3.htm
0001558370-21-015228,TE Connectivity Ltd.,valid,0.2,-0.1,0.3,"The tone is neutral with a slight positive bias due to the mention of sales growth and increased earnings per share. The hedging is moderate, as the company acknowledges the potential for future negative impacts but does not provide a clear timeline. The risk severity is moderate to high due to the ongoing pandemic and its potential to affect the business, but the company's confidence in its outlook is evident.",forward_looking,https://www.sec.gov/Archives/edgar/data/1385157/000155837021015228/tel-20210924x10k.htm
0001558370-23-001811,DISH Network CORP,valid,0.0,0.0,0.0,"The tone is neutral as the language is formal and objective. The hedging is typical as the text acknowledges the uncertainty of forward-looking statements and the lack of uniform standards for calculating certain metrics. The risk severity is moderate as the text mentions potential risks and uncertainties, but does not indicate any severe risks to the business.",forward_looking,https://www.sec.gov/Archives/edgar/data/1001082/000155837023001811/dish-20221231x10k.htm
0001558370-23-001840,SIMON PROPERTY GROUP INC /DE/,valid,0.0,0.0,0.0,"The tone is neutral as the language is objective and factual. The hedging is typical as the text does not contain explicit language of uncertainty or doubt. The risk_severity is moderate as the text mentions potential risks such as the COVID-19 pandemic, but the language is cautious and does not indicate severe risks to the business.",forward_looking,https://www.sec.gov/Archives/edgar/data/1022344/000155837023001840/spg-20221231x10k.htm
0001558370-23-004767,KROGER CO,valid,0.8,0.1,0.2,"The tone is very positive, with phrases like 'deliver today and invest for the future', 'compelling value proposition', and 'drive sustainable sales growth'. The hedging is minimal, with no explicit caveats or uncertainties. The risk_severity is moderate, with mentions of 'sustainable sales growth' and 'net earnings growth', but no severe risks are highlighted. The justification is that the excerpt showcases a confident and optimistic outlook, with a focus on long-term growth and value creation, while also acknowledging potential risks and uncertainties in a subtle manner.",forward_looking,https://www.sec.gov/Archives/edgar/data/56873/000155837023004767/kr-20230128x10k.htm
0001558370-24-001935,Norwegian Cruise Line Holdings Ltd.,valid,0.0,0.0,0.0,"The tone is neutral as the language used is formal and objective. The hedging is typical as the text does not contain any explicit caveats or warnings. The risk_severity is moderate as the text discusses critical accounting policies and estimates, but the language used is cautious and does not convey a sense of high risk.",forward_looking,https://www.sec.gov/Archives/edgar/data/1513761/000155837024001935/nclh-20231231x10k.htm
0001558370-25-000714,AMPHENOL CORP /DE/,valid,0.4,0.8,0.2,The tone is positive as the excerpt highlights the company's competitive advantages and global presence. The hedging is high as the company uses phrases like 'does not currently believe' and 'will have a material impact' to express uncertainty about the impact of tax provisions. The risk_severity is low as the company does not consider the tax provisions to be a significant threat to its financial condition.,forward_looking,https://www.sec.gov/Archives/edgar/data/820313/000155837025000714/aph-20241231x10k.htm
0001559720-24-000006,"Airbnb, Inc.",valid,0.0,0.0,0.0,"The tone is neutral as the language is formal and objective. The hedging is typical as the excerpt uses phrases like 'forward-looking statements' and 'may differ materially', but does not express extreme confidence or uncertainty. The risk_severity is moderate as the excerpt mentions potential risks and uncertainties, but does not indicate severe risks to the business.",forward_looking,https://www.sec.gov/Archives/edgar/data/1559720/000155972024000006/abnb-20231231.htm
0001564590-19-000928,SCHLUMBERGER LIMITED/NV,valid,0.2,-0.1,0.3,"The tone is neutral with a slight positive bias due to the mention of a 'more positive supply- and demand-balance sentiment' and a 'gradual recovery in the price of oil'. The hedging is moderate, as the language is cautious but not overly uncertain. The risk_severity is moderate to severe due to the mention of a 'near-perfect storm' and 'oil price volatility', indicating significant risks to the business.",forward_looking,https://www.sec.gov/Archives/edgar/data/87347/000156459019000928/slb-10k_20181231.htm
0001564590-19-023119,ORACLE CORP,valid,0.4,0.1,0.2,"The tone is positive as the excerpt highlights the company's growth and investment plans (e.g., 'we expect these trends to continue', 'we expect to make investments in research and development'). The hedging is moderate as the excerpt uses phrases like 'we expect' and 'we believe', but the language is not overly cautious. The risk_severity is moderate as the excerpt mentions potential risks (e.g., 'lower operating margins'), but the overall tone suggests that the company is well-positioned to address these risks.",forward_looking,https://www.sec.gov/Archives/edgar/data/1341439/000156459019023119/orcl-10k_20190531.htm
0001564590-20-005582,MID AMERICA APARTMENT COMMUNITIES INC.,valid,0.4,0.1,0.2,"The tone is positive as the excerpt highlights the company's diversified portfolio strategy and its ability to perform well in various market conditions. The hedging is moderate as the company acknowledges the impact of elevated supply levels on rent growth, but expresses confidence in its ability to maintain occupancy and increase rents. The risk severity is moderate as the company identifies supply levels and economic conditions as potential risks, but does not indicate any severe risks to the business.",forward_looking,https://www.sec.gov/Archives/edgar/data/912595/000156459020005582/maa-10k_20191231.htm
0001564590-20-005719,EXPEDITORS INTERNATIONAL OF WASHINGTON INC,valid,0.8,0.1,0.7,"The tone is very positive as the excerpt highlights the company's focus on recruiting and retaining superior personnel, its unique culture, and its ability to adapt to changes. The hedging is moderate as the excerpt mentions uncertainty in global trade and economic conditions, but the language is not overly cautious. The risk severity is high as the excerpt mentions potential disruptions in port services, political unrest, and changes in oil prices, which could have a significant impact on the company's operations.",forward_looking,https://www.sec.gov/Archives/edgar/data/746515/000156459020005719/expd-10k_20191231.htm
0001564590-20-007004,Nielsen Holdings plc,valid,0.0,0.0,0.0,"The tone is neutral as the excerpt discusses various financial concepts and objectives without expressing a clear opinion or emotion. The hedging is typical as the excerpt mentions forward-looking statements and risks, but does not express confidence or uncertainty. The risk_severity is moderate as the excerpt mentions various risks and uncertainties, but does not indicate severe risks to the business. The justification is based on the language and structure of the excerpt, which is formal and objective, indicating a neutral tone and typical hedging and risk assessment.",forward_looking,https://www.sec.gov/Archives/edgar/data/1492633/000156459020007004/nlsnnv-10k_20191231.htm
0001564590-20-011512,KOHLS Corp,valid,0.0,0.0,0.0,"The tone is neutral as the language is objective and informative. The hedging is typical as the company acknowledges the limitations of non-GAAP measures but does not express strong confidence in their usefulness. The risk severity is moderate as the company discusses potential economic factors that could impact the business, but does not indicate severe risks.",forward_looking,https://www.sec.gov/Archives/edgar/data/885639/000156459020011512/kss-10k_20200201.htm
0001564590-21-006370,PACCAR INC,valid,0.8,0.1,0.2,"The excerpt has a very positive tone, with phrases like 'enhanced safety and operational efficiency', 'superb power and excellent drivability', and 'strong aftermarket support'. The language is confident and definite, with phrases like 'the Company anticipates electric vehicle production may be a few hundred units in 2021' and 'PACCAR Parts sales are expected to increase 7-9% from 2020 levels'. The risk severity is moderate, with the mention of potential economic downturns and reduced demand for replacement parts, but this is balanced by the overall positive outlook.",forward_looking,https://www.sec.gov/Archives/edgar/data/75362/000156459021006370/pcar-10k_20201231.htm
0001564590-23-000762,SCHLUMBERGER LIMITED/NV,valid,0.8,0.1,0.2,"The tone is very positive due to the use of words like 'visible expansion', 'record levels', 'distinctive new phase', and 'compelling' to describe market trends. The hedging is minimal as the language is confident and assertive. The risk_severity is moderate due to the mention of geopolitical conflict and supply chain bottlenecks, but the overall outlook is optimistic.",forward_looking,https://www.sec.gov/Archives/edgar/data/87347/000156459023000762/slb-10k_20221231.htm
0001574842-19-000022,H&R BLOCK INC,valid,0.0,0.0,0.0,"The tone is neutral as the language used is objective and matter-of-fact. The hedging is typical as the text acknowledges the uncertainty of estimates and potential outcomes, but does not express extreme confidence or doubt. The risk_severity is moderate as the text discusses potential losses and uncertainties, but does not indicate severe risks to the business.",forward_looking,https://www.sec.gov/Archives/edgar/data/12659/000157484219000022/hrb2019043010k.htm
0001579241-21-000020,Allegion plc,valid,0.0,-0.1,0.3,"The tone is neutral, as the language used is cautious and focused on mitigation. The company is heavily hedged and uncertain about the future, as evident from phrases like 'adversely impacted', 'likely continue to adversely impact', and 'dependent upon future governmental actions'. The risk severity is moderate to severe, as the company is concerned about the ongoing impact of the pandemic on its business and financial position.",forward_looking,https://www.sec.gov/Archives/edgar/data/1579241/000157924121000020/alle-20201231.htm
0001596532-21-000049,"Arista Networks, Inc.",valid,0.0,0.0,0.0,"The tone is neutral as the excerpt discusses potential risks and uncertainties, but also presents opportunities and growth prospects. The hedging is typical as the company acknowledges the risks, but also expresses confidence in its ability to adapt and evolve. The risk severity is moderate as the company faces significant competition and rapidly changing technology, but also presents a clear vision for its future success.",forward_looking,https://www.sec.gov/Archives/edgar/data/1596532/000159653221000049/anet-20201231.htm
0001596532-25-000028,"Arista Networks, Inc.",valid,0.0,0.0,0.0,"The tone is neutral as the language is formal and objective. The hedging is typical as the text acknowledges risks and uncertainties but does not provide a clear indication of confidence. The risk severity is moderate as the text mentions significant risks, including variability in customer concentration and demand estimates, but does not indicate severe consequences.",forward_looking,https://www.sec.gov/Archives/edgar/data/1596532/000159653225000028/anet-20241231.htm
0001596783-23-000185,"Catalent, Inc.",valid,0.8,0.1,0.2,"The tone is very positive as the excerpt highlights the company's capabilities, growth, and commitment to customers. The hedging is minimal as the language is straightforward and confident. The risk_severity is moderate as the company discusses regulatory requirements and contract terms, but the overall tone suggests a sense of control and confidence.",forward_looking,https://www.sec.gov/Archives/edgar/data/1596783/000159678323000185/ctlt-20230630.htm
0001598014-20-000008,IHS Markit Ltd.,valid,0.8,0.1,0.2,"The tone is very positive as the excerpt highlights the company's confidence in its sales and operating model, its ability to innovate, and its focus on revenue growth. The hedging is moderate as the company acknowledges the importance of non-GAAP measures but also cautions readers about their limitations. The risk severity is moderate as the company discusses the impact of foreign currency movements on revenue, but it does not indicate any severe risks to the business.",forward_looking,https://www.sec.gov/Archives/edgar/data/1598014/000159801420000008/q41910k.htm
0001601046-19-000110,"Keysight Technologies, Inc.",valid,0.0,0.0,0.0,"The tone is neutral as the excerpt discusses various business strategies and future results without expressing a strong opinion. The hedging is typical as the excerpt mentions forward-looking statements and risks, but does not use strong language to mitigate those risks. The risk_severity is moderate as the excerpt mentions potential disruptions to business operations, but does not indicate severe risks to the business.",forward_looking,https://www.sec.gov/Archives/edgar/data/1601046/000160104619000110/keys-10312019x10k.htm
0001618921-24-000084,"Walgreens Boots Alliance, Inc.",valid,0.0,0.0,0.0,"The tone is neutral as the excerpt lists various factors without expressing a clear opinion or emotion. The hedging is typical as the language is cautious but does not contain strong language to mitigate risks. The risk_severity is moderate as the excerpt lists several significant risks, but they are not explicitly stated as severe. The factors listed are diverse and could have varying impacts on the company's operations and financial results.",forward_looking,https://www.sec.gov/Archives/edgar/data/1618921/000161892124000084/wba-20240831.htm
0001628280-19-002095,WESTINGHOUSE AIR BRAKE TECHNOLOGIES CORP,valid,0.5,0.0,0.2,"The tone is positive due to the mention of growth, investment, and trends that are expected to drive the industry. The language used is neutral and objective, with no negative statements. The hedging is minimal, as the text presents various market studies and projections without expressing any uncertainty. The risk severity is moderate, as the text mentions trends and factors that could impact the business, but does not indicate any severe risks.",forward_looking,https://www.sec.gov/Archives/edgar/data/943452/000162828019002095/wab1231201810k.htm
0001628280-22-003345,KELLOGG CO,valid,0.2,-0.1,0.8,"The tone is neutral with a slight positive bias due to the use of words like 'continue' and 'manage'. The hedging is moderate, as the language is cautious but not overly uncertain. The risk severity is high due to the mention of 'adverse impacts', 'volatility', and 'disruptions', indicating significant risks to the business. The justification is based on the excerpt's language and content, which highlights the company's proactive measures to address the pandemic's impact.",forward_looking,https://www.sec.gov/Archives/edgar/data/55067/000162828022003345/k-20220101.htm
0001628280-23-005628,Extra Space Storage Inc.,valid,0.4,-0.2,0.1,"The tone is generally positive, with phrases like 'maximize the performance of our stores' and 'more pro-actively manage revenues'. However, the mention of 'competition has impacted' and 'actual results may differ' introduces a neutral tone. The hedging level is moderate, as the company uses derivatives to hedge its exposure to variability in expected future cash flows, but does not use them for trading or speculative purposes. The risk severity is low, as the company's exposure to variability in expected future cash flows is hedged, and the mention of 'minor' risks in the notes to the consolidated financial statements supports this rating.",forward_looking,https://www.sec.gov/Archives/edgar/data/1289490/000162828023005628/exr-20221231.htm
0001628280-24-004094,"HEALTHPEAK PROPERTIES, INC.",valid,0.0,0.0,0.0,"The tone is neutral as the excerpt discusses various business transactions and financial measures without expressing a strong opinion. The hedging is typical as the language is straightforward and lacks explicit caveats. The risk-severity is moderate as the excerpt mentions significant inflation and potential risks, but these are presented as challenges to be addressed rather than catastrophic threats.",forward_looking,https://www.sec.gov/Archives/edgar/data/765880/000162828024004094/peak-20231231.htm
0001628280-24-005583,KELLANOVA,valid,0.1,0.0,0.2,"The tone is generally neutral, with a slight positive bias due to the use of words like 'expect' and 'continue to mitigate'. The hedging is typical, with no strong language used to mitigate risks. The risk severity is moderate, with mentions of geopolitical instability and supply chain challenges, but no indication of severe risks to the business.",forward_looking,https://www.sec.gov/Archives/edgar/data/55067/000162828024005583/k-20231230.htm
0001628280-24-008060,FLEETCOR TECHNOLOGIES INC,valid,0.0,0.0,0.0,"The tone is neutral as the language is formal and objective. The hedging is typical as the text acknowledges the existence of risks and uncertainties but does not provide a clear indication of confidence or uncertainty. The risk severity is moderate as the text mentions a negative impact on revenues, but the language does not suggest a severe or catastrophic risk.",forward_looking,https://www.sec.gov/Archives/edgar/data/1175454/000162828024008060/flt-20231231.htm
0001628280-25-006093,Aon plc,valid,0.0,0.0,0.0,"The tone is neutral as the language used is objective and informative. The hedging is typical as the text does not contain strong language or absolute statements. The risk_severity is moderate as the text mentions significant expenses and potential recoveries, but does not convey a sense of catastrophic failure.",forward_looking,https://www.sec.gov/Archives/edgar/data/315293/000162828025006093/aon-20241231.htm
0001633917-24-000024,"PayPal Holdings, Inc.",valid,0.0,-0.1,0.3,"The tone is neutral, as the language used is objective and matter-of-fact. The hedging is -0.1 because the text acknowledges the uncertainty of security measures and estimates, but does not provide a definitive statement. The risk_severity is 0.3 because the text highlights the potential for significant harm to the company's reputation, business, and financial condition, indicating severe risks.",forward_looking,https://www.sec.gov/Archives/edgar/data/1633917/000163391724000024/pypl-20231231.htm
0001637459-23-000009,Kraft Heinz Co,valid,0.0,0.0,0.0,"The tone is neutral as the excerpt discusses challenges and uncertainties, but does not express strong emotions. The hedging is typical as the language is cautious and mentions potential impacts, but does not make definitive statements. The risk_severity is moderate as the costs and inflation are expected to continue, but the company is taking measures to mitigate them. The justification is based on the language and tone used in the excerpt, which does not express strong emotions or definitive statements, but rather a cautious and neutral discussion of challenges and uncertainties.",forward_looking,https://www.sec.gov/Archives/edgar/data/1637459/000163745923000009/khc-20221231.htm
0001656423-23-000013,BOSTON PROPERTIES INC,valid,0.0,0.0,0.0,"The tone is neutral as the excerpt discusses the use of forward-looking statements and cautions investors. The hedging is typical as the language is formal and cautious, but does not contain any strong language. The risk_severity is moderate as the excerpt mentions risks and uncertainties, but does not describe them as severe or critical.",forward_looking,https://www.sec.gov/Archives/edgar/data/1037540/000165642323000013/bxp-20221231.htm
0001659166-21-000062,Fortive Corp,valid,0.0,0.0,0.0,"The tone is neutral as the excerpt discusses various factors affecting the company's operations without expressing a strong opinion. The hedging is typical as the management uses phrases like 'typically help limit the impact' and 'may facilitate the assessment of underlying business trends'. The risk_severity is moderate as the management discusses the potential impact of COVID-19 on certain businesses, but also notes that others will be resilient. The justification is based on the language used in the excerpt, which does not express strong emotions or uncertainty.",forward_looking,https://www.sec.gov/Archives/edgar/data/1659166/000165916621000062/ftv-20201231.htm
0001688568-23-000030,DXC Technology Co,valid,0.0,0.0,0.0,"The tone is neutral as the language is informative and objective. The hedging is typical as the text presents various factors without explicit confidence or uncertainty. The risk_severity is moderate as the excerpt mentions significant increases in net periodic pension expense and potential tax liabilities, but the language does not convey extreme concern or alarm.",forward_looking,https://www.sec.gov/Archives/edgar/data/1688568/000168856823000030/dxc-20230331.htm
0001692819-24-000012,Vistra Corp.,valid,0.2,-0.1,0.3,"The tone is neutral, as the excerpt discusses various transactions and regulatory changes without expressing strong emotions. The hedging is moderate, as the company has hedged approximately 91% of its expected generation volumes, but the hedging is not overly confident or uncertain. The risk severity is moderate to severe, as the company mentions supply chain constraints and volatility in the energy market, which could impact its business.",forward_looking,https://www.sec.gov/Archives/edgar/data/1692819/000169281924000012/vistra-20231231.htm
0001730168-19-000144,Broadcom Inc.,valid,0.0,0.0,0.0,"The tone is neutral as the excerpt discusses various topics without expressing a strong opinion. The hedging is typical as the excerpt mentions potential risks and uncertainties but does not provide a definitive stance. The risk_severity is moderate as the excerpt mentions potential risks, including the expiration of tax incentives and the impact of accounting policies, but does not indicate a severe risk to the business. The justification is based on the language and structure of the excerpt, which does not express a strong opinion or uncertainty, but rather provides a neutral and informative discussion of various topics.",forward_looking,https://www.sec.gov/Archives/edgar/data/1730168/000173016819000144/avgo-11032019x10k.htm
0001739940-23-000008,Cigna Group,valid,0.0,0.0,0.0,"The tone is neutral as the language is objective and informative. The hedging is typical as the text uses phrases like 'management believes' and 'management defines'. The risk_severity is moderate as the text mentions a decline in premiums and a change in business operations, but these are presented as expected outcomes rather than major risks.",forward_looking,https://www.sec.gov/Archives/edgar/data/1739940/000173994023000008/ci-20221231.htm
0001744489-23-000216,Walt Disney Co,valid,0.0,0.0,0.0,"The tone is neutral, as the language used is objective and factual. The hedging is typical, as the text does not contain explicit language to mitigate risks. The risk severity is moderate, as the company acknowledges potential risks but does not describe them as severe. The justification for these ratings is based on the excerpt's language and content, which does not contain any strongly positive or negative language, nor does it express uncertainty or confidence about specific risks or outcomes.",forward_looking,https://www.sec.gov/Archives/edgar/data/1744489/000174448923000216/dis-20230930.htm
0001748790-21-000031,Amcor plc,valid,0.8,-0.2,0.4,"The tone is very positive as the company prioritizes employee health and safety and expects to continue its measures until the pandemic is contained. The hedging is moderate as the company acknowledges the uncertainty of the pandemic's impact but does not provide a clear estimate. The risk severity is moderate to severe as the company notes the possibility of significant disruptions and supply chain issues, but also notes its ability to work through issues with suppliers and customers.",forward_looking,https://www.sec.gov/Archives/edgar/data/1748790/000174879021000031/amcr-20210630.htm
0001755672-24-000004,"Corteva, Inc.",valid,0.0,0.0,0.0,"The tone is neutral as the excerpt discusses the use of forward-looking statements and potential risks without expressing a clear opinion. The hedging is typical as the excerpt acknowledges the uncertainty of future events but does not provide a definitive assessment. The risk_severity is moderate as the excerpt mentions potential risks such as business disruption, operational problems, and financial loss, but does not describe them as severe or catastrophic.",forward_looking,https://www.sec.gov/Archives/edgar/data/30554/000175567224000004/ctva-20231231.htm
0001783180-24-000009,CARRIER GLOBAL Corp,valid,0.4,0.0,0.2,"The tone is positive, as the company expresses confidence in its business segments and growth prospects. The hedging is minimal, as the language is straightforward and lacks caveats. The risk-severity is moderate, as the company acknowledges various economic and market risks, but also highlights its strategies to mitigate them.",forward_looking,https://www.sec.gov/Archives/edgar/data/1783180/000178318024000009/carr-20231231.htm
0001821825-22-000002,Organon & Co.,valid,0.0,0.0,0.0,"The tone is neutral as the excerpt discusses forward-looking statements and risks in a factual manner. The hedging is typical as the excerpt acknowledges the uncertainty of forward-looking statements without expressing excessive caution. The risk-severity is moderate as the excerpt mentions significant growth and challenges, but does not indicate severe risks to the business.",forward_looking,https://www.sec.gov/Archives/edgar/data/1821825/000182182522000002/ogn-20211231.htm
0002011286-24-000072,"Amentum Holdings, Inc.",valid,0.0,0.0,0.0,"The tone is neutral, as the language is formal and objective. The hedging is typical, as the text acknowledges uncertainties but does not express strong confidence. The risk severity is moderate, as the text mentions potential impacts from inflation and government funding, but does not indicate severe risks to the business.",forward_looking,https://www.sec.gov/Archives/edgar/data/2011286/000201128624000072/amtm-20240927.htm
